-- MySQL Script for Tornado APP fixtures
-- Wed Jun 17 11:54:56 2015

-- This database fixtures for ms-app-tornado

-- -----------------------------------------------------
-- FIXTURES `tornado`.`organization`
-- -----------------------------------------------------
INSERT INTO `organization`
  (`id`, `name`, `permissions`)
VALUES
  (1, 'US Marketing Organization', 'api');
INSERT INTO `organization`
  (`id`, `name`, `permissions`)
VALUES
  (2, 'Europe Marketing Organization', 'api');
INSERT INTO `organization`
  (`id`, `name`, `permissions`)
VALUES
  (3, 'Neverbland', 'api');
INSERT INTO `organization`
  (`id`, `name`, `permissions`)
VALUES
  (4, 'DataSift', 'api');

-- -----------------------------------------------------
-- FIXTURES `tornado`.`agency`
-- -----------------------------------------------------
INSERT INTO `agency`
  (`id`, `organization_id`, `name`, `datasift_username`, `datasift_apikey`)
VALUES
  (1, 1, 'Blitz', 'ds_user_1', 'thisisapikeyfordsuser1');
INSERT INTO `agency`
  (`id`, `organization_id`, `name`, `datasift_username`, `datasift_apikey`)
VALUES
  (2, 1, 'VML', 'ds_user_2', 'thisisapikeyfordsuser2');
INSERT INTO `agency`
  (`id`, `organization_id`, `name`, `datasift_username`, `datasift_apikey`)
VALUES
  (3, 3, 'Quirk', 'neverblandpylon', '9d1b70a9dee94ea435c1efa262983ab7');
INSERT INTO `agency`
  (`id`, `organization_id`, `name`, `datasift_username`, `datasift_apikey`)
VALUES
  (4, 3, 'Barkley', 'wrongusername1', 'wrongkey1');
INSERT INTO `agency`
  (`id`, `organization_id`, `name`, `datasift_username`, `datasift_apikey`)
VALUES
  (5, 2, 'Grey', 'ds_user_5', 'thisisapikeyfordsuser5');
INSERT INTO `agency`
  (`id`, `organization_id`, `name`, `datasift_username`, `datasift_apikey`)
VALUES
  (6, 4, 'Fold7', 'wrongusername2', 'wrongkey2');
INSERT INTO `agency`
  (`id`, `organization_id`, `name`, `datasift_username`, `datasift_apikey`)
VALUES
  (7, 4, 'iProspect', 'wrongusername3', 'wrongkey3');
INSERT INTO `agency`
  (`id`, `organization_id`, `name`, `datasift_username`, `datasift_apikey`)
VALUES
  (8, 2, 'Velocity', 'ds_user_8', 'thisisapikeyfordsuser8');

-- -----------------------------------------------------
-- FIXTURES `tornado`.`brand`
-- -----------------------------------------------------
INSERT INTO `brand`
  (`id`, `agency_id`, `name`, `datasift_apikey`, `datasift_identity_id`)
VALUES
  (1, 6, 'Pringles UK', 'wrongkey2', 'thisisidentityid6');
INSERT INTO `brand`
  (`id`, `agency_id`, `name`, `datasift_apikey`, `datasift_identity_id`)
VALUES
  (2, 6, 'Doritos UK', 'wrongkey2.1', 'thisisidentityid6.1');
INSERT INTO `brand`
  (`id`, `agency_id`, `name`, `datasift_apikey`, `datasift_identity_id`)
VALUES
  (3, 4, 'Pringles US', 'wrongkey1', 'thisisidentityid4');
INSERT INTO `brand`
  (`id`, `agency_id`, `name`, `datasift_apikey`, `datasift_identity_id`)
VALUES
  (4, 4, 'Doritos US', 'wrongkey1.1', 'thisisidentityid4.1');
INSERT INTO `brand`
  (`id`, `agency_id`, `name`, `datasift_apikey`, `datasift_identity_id`)
VALUES
  (5, 7, 'Pringles UE', 'wrongkey3', 'thisisidentityid7');
INSERT INTO `brand`
  (`id`, `agency_id`, `name`, `datasift_apikey`, `datasift_identity_id`)
VALUES
  (6, 7, 'Doritos UE', 'wrongkey3.1', 'thisisidentityid8');
INSERT INTO `brand`
  (`id`, `agency_id`, `name`, `datasift_apikey`, `datasift_identity_id`)
VALUES
  (7, 3, 'Pringles Canada', '459de3ab5c631ac59a8115f2df239af8', 'thisisidentityid3');
INSERT INTO `brand`
  (`id`, `agency_id`, `name`, `datasift_apikey`, `datasift_identity_id`)
VALUES
  (8, 3, 'Doritos Canada', '459de3ab5c631ac59a8115f2df239af8-WRONG!', 'thisisidentityid5');

-- -----------------------------------------------------
-- FIXTURES `tornado`.`project`
-- -----------------------------------------------------
INSERT INTO `project`
  (`id`, `brand_id`, `name`, `created_at`, `recording_filter`)
VALUES
  (1, 1, 'Pringles UK Football', 1435701600, 0);
INSERT INTO `project`
  (`id`, `brand_id`, `name`, `created_at`, `recording_filter`)
VALUES
  (2, 2, 'Doritos UK Football', 1435701600, 0);
INSERT INTO `project`
  (`id`, `brand_id`, `name`, `created_at`, `recording_filter`)
VALUES
  (3, 3, 'Pringles US Football', 1435701600, 1);
INSERT INTO `project`
  (`id`, `brand_id`, `name`, `created_at`, `recording_filter`)
VALUES
  (4, 4, 'Doritos US Football', 1435701600, 0);
INSERT INTO `project`
  (`id`, `brand_id`, `name`, `created_at`, `recording_filter`)
VALUES
  (5, 5, 'Pringles UE Football', 1435701600, 0);
INSERT INTO `project`
  (`id`, `brand_id`, `name`, `created_at`, `recording_filter`)
VALUES
  (6, 6, 'Doritos UE Football', 1435701600, 0);
INSERT INTO `project`
  (`id`, `brand_id`, `name`, `created_at`, `recording_filter`)
VALUES
  (7, 7, 'Pringles Europe Football', 1435701600, 0);
INSERT INTO `project`
  (`id`, `brand_id`, `name`, `created_at`, `recording_filter`)
VALUES
  (8, 8, 'Doritos Europe Football', 1435701600, 0);
INSERT INTO `project`
  (`id`, `brand_id`, `name`, `created_at`, `recording_filter`)
VALUES
  (9, 1, 'Pringles UK Holiday', 1435701600, 0);
INSERT INTO `project`
  (`id`, `brand_id`, `name`, `created_at`, `recording_filter`)
VALUES
  (10, 2, 'Doritos UK Holiday', 1435701600, 0);
INSERT INTO `project`
  (`id`, `brand_id`, `name`, `created_at`, `recording_filter`)
VALUES
  (11, 3, 'Pringles US Holiday', 1435701600, 0);
INSERT INTO `project`
  (`id`, `brand_id`, `name`, `created_at`, `recording_filter`)
VALUES
  (12, 4, 'Doritos US Holiday', 1435701600, 0);
INSERT INTO `project`
  (`id`, `brand_id`, `name`, `created_at`, `recording_filter`)
VALUES
  (13, 5, 'Pringles UE Holiday', 1435701600, 0);
INSERT INTO `project`
  (`id`, `brand_id`, `name`, `created_at`, `recording_filter`)
VALUES
  (14, 6, 'Doritos UE Holiday', 1435701600, 0);
INSERT INTO `project`
  (`id`, `brand_id`, `name`, `created_at`, `recording_filter`)
VALUES
  (15, 7, 'Pringles Europe Holiday', 1435701600, 0);
INSERT INTO `project`
  (`id`, `brand_id`, `name`, `created_at`, `recording_filter`)
VALUES
  (16, 8, 'Doritos Europe Holiday', 1435701600, 0);

-- -----------------------------------------------------
-- FIXTURES `tornado`.`recording`
-- -----------------------------------------------------
INSERT INTO `recording`
  (`id`, `brand_id`, `project_id`, `datasift_recording_id`, `hash`, `name`, `status`, `vqb_generated`, `created_at`)
VALUES
  (1, 1, NULL, '6260ffab43850eae8ec90102f4a05b3a', '6260ffab43850eae8ec90102f4a05b3a', 'DS Pringles UK Recording 1', 'started', 1, 1435701600);
INSERT INTO `recording`
  (`id`, `brand_id`, `project_id`, `datasift_recording_id`, `hash`, `name`, `status`, `vqb_generated`, `created_at`)
VALUES
  (2, 1, NULL, '6260ffab43850eae8ec90102f4a05b3a', '6260ffab43850eae8ec90102f4a05b3a', 'DS Pringles UK Recording 2', 'started', 1, 1435701600);
INSERT INTO `recording`
  (`id`, `brand_id`, `project_id`, `datasift_recording_id`, `hash`, `name`, `status`, `vqb_generated`, `created_at`)
VALUES
  (3, 2, NULL, '6260ffab43850eae8ec90102f4a05b3a', '6260ffab43850eae8ec90102f4a05b3a', 'DS Poritos UK Recording 1', 'started', 0, 1435701600);
INSERT INTO `recording`
  (`id`, `brand_id`, `project_id`, `datasift_recording_id`, `hash`, `name`, `status`, `vqb_generated`, `created_at`)
VALUES
  (4, 2, NULL, '6260ffab43850eae8ec90102f4a05b3a', '6260ffab43850eae8ec90102f4a05b3a', 'DS Doritos UK Recording 2', 'stopped', 0, 1435701600);
INSERT INTO `recording`
  (`id`, `brand_id`, `project_id`, `datasift_recording_id`, `hash`, `name`, `status`, `vqb_generated`, `created_at`)
VALUES
  (5, 3, 3, '6260ffab43850eae8ec90102f4a05b3a', '6260ffab43850eae8ec90102f4a05b3a', 'NVB Pringles US Recording 1', 'started', 0, 1435701600);
INSERT INTO `recording`
  (`id`, `brand_id`, `project_id`, `datasift_recording_id`, `hash`, `name`, `status`, `vqb_generated`, `created_at`)
VALUES
  (6, 3, NULL, '6260ffab43850eae8ec90102f4a05b3a', '6260ffab43850eae8ec90102f4a05b3a', 'NVB Pringles US Recording 2', 'stopped', 1, 1435701600);
INSERT INTO `recording`
  (`id`, `brand_id`, `project_id`, `datasift_recording_id`, `hash`, `name`, `status`, `vqb_generated`, `created_at`)
VALUES
  (7, 4, NULL, '6260ffab43850eae8ec90102f4a05b3a', '6260ffab43850eae8ec90102f4a05b3a', 'NVB Doritos US Recording 1', 'started', 1, 1435701600);
INSERT INTO `recording`
  (`id`, `brand_id`, `project_id`, `datasift_recording_id`, `hash`, `name`, `status`, `vqb_generated`, `created_at`)
VALUES
  (8, 4, NULL, '6260ffab43850eae8ec90102f4a05b3a', '6260ffab43850eae8ec90102f4a05b3a', 'NVB Doritos US Recording 2', 'stopped', 1, 1435701600);
INSERT INTO `recording`
  (`id`, `brand_id`, `project_id`, `datasift_recording_id`, `hash`, `name`, `status`, `vqb_generated`, `created_at`)
VALUES
  (9, 5, NULL, '6260ffab43850eae8ec90102f4a05b3a', '6260ffab43850eae8ec90102f4a05b3a', 'DS Pringles UE Recording 1', 'started', 1, 1435701600);
INSERT INTO `recording`
  (`id`, `brand_id`, `project_id`, `datasift_recording_id`, `hash`, `name`, `status`, `vqb_generated`, `created_at`)
VALUES
  (10, 5, NULL, '6260ffab43850eae8ec90102f4a05b3a', '6260ffab43850eae8ec90102f4a05b3a', 'DS Pringles UE  Recording 2', 'stopped', 1, 1435701600);
INSERT INTO `recording`
  (`id`, `brand_id`, `project_id`, `datasift_recording_id`, `hash`, `name`, `status`, `vqb_generated`, `created_at`)
VALUES
  (11, 6, NULL, '6260ffab43850eae8ec90102f4a05b3a', '6260ffab43850eae8ec90102f4a05b3a', 'DS Doritos UE Recording 1', 'started', 0, 1435701600);
INSERT INTO `recording`
  (`id`, `brand_id`, `project_id`, `datasift_recording_id`, `hash`, `name`, `status`, `vqb_generated`, `created_at`)
VALUES
  (12, 6, NULL, '6260ffab43850eae8ec90102f4a05b3a', '6260ffab43850eae8ec90102f4a05b3a', 'DS Doritos UE Recording 2', 'stopped', 0, 1435701600);
INSERT INTO `recording`
  (`id`, `brand_id`, `project_id`, `datasift_recording_id`, `hash`, `name`, `status`, `vqb_generated`, `created_at`)
VALUES
  (13, 7, NULL, '6260ffab43850eae8ec90102f4a05b3a', '6260ffab43850eae8ec90102f4a05b3a', 'NVB Pringles Canada Recording 1', 'started', 0, 1435701600);
INSERT INTO `recording`
  (`id`, `brand_id`, `project_id`, `datasift_recording_id`, `hash`, `name`, `status`, `vqb_generated`, `created_at`)
VALUES
  (14, 7, NULL, '6260ffab43850eae8ec90102f4a05b3a', '6260ffab43850eae8ec90102f4a05b3a', 'NVB Pringles Canada Recording 2', 'stopped', 0, 1435701600);
INSERT INTO `recording`
  (`id`, `brand_id`, `project_id`, `datasift_recording_id`, `hash`, `name`, `status`, `vqb_generated`, `created_at`)
VALUES
  (15, 8, NULL, '6260ffab43850eae8ec90102f4a05b3a', '6260ffab43850eae8ec90102f4a05b3a', 'NVB Doritos Canada Recording 1', 'started', 0, 1435701600);
INSERT INTO `recording`
  (`id`, `brand_id`, `project_id`, `datasift_recording_id`, `hash`, `name`, `status`, `vqb_generated`, `created_at`)
VALUES
  (16, 8, NULL, '6260ffab43850eae8ec90102f4a05b3a', '6260ffab43850eae8ec90102f4a05b3a', 'NVB Doritos Canada Recording 2', 'stopped', 1, 1435701600);
INSERT INTO `recording`
  (`id`, `brand_id`, `project_id`, `datasift_recording_id`, `hash`, `name`, `status`, `vqb_generated`, `created_at`)
VALUES
  (17, 1, NULL, '6260ffab43850eae8ec90102f4a05b3a', '6260ffab43850eae8ec90102f4a05b3a', 'DS Pringles UK Recording 3', 'started', 1, 1435701600);
INSERT INTO `recording`
  (`id`, `brand_id`, `project_id`, `datasift_recording_id`, `hash`, `name`, `status`, `vqb_generated`, `created_at`)
VALUES
  (18, 2, NULL, '6260ffab43850eae8ec90102f4a05b3a', '6260ffab43850eae8ec90102f4a05b3a', 'DS Poritos UK Recording 3', 'started', 1, 1435701600);
INSERT INTO `recording`
  (`id`, `brand_id`, `project_id`, `datasift_recording_id`, `hash`, `name`, `status`, `vqb_generated`, `created_at`)
VALUES
  (19, 3, NULL, '6260ffab43850eae8ec90102f4a05b3a', '6260ffab43850eae8ec90102f4a05b3a', 'NVB Pringles US Recording 3', 'started', 1, 1435701600);
INSERT INTO `recording`
  (`id`, `brand_id`, `project_id`, `datasift_recording_id`, `hash`, `name`, `status`, `vqb_generated`, `created_at`)
VALUES
  (20, 4, NULL, '6260ffab43850eae8ec90102f4a05b3a', '6260ffab43850eae8ec90102f4a05b3a', 'NVB Doritos US Recording 3', 'started', 1, 1435701600);
INSERT INTO `recording`
  (`id`, `brand_id`, `project_id`, `datasift_recording_id`, `hash`, `name`, `status`, `vqb_generated`, `created_at`)
VALUES
  (21, 5, NULL, '6260ffab43850eae8ec90102f4a05b3a', '6260ffab43850eae8ec90102f4a05b3a', 'DS Pringles UE Recording 3', 'started', 0, 1435701600);
INSERT INTO `recording`
  (`id`, `brand_id`, `project_id`, `datasift_recording_id`, `hash`, `name`, `status`, `vqb_generated`, `created_at`)
VALUES
  (22, 6, NULL, '6260ffab43850eae8ec90102f4a05b3a', '6260ffab43850eae8ec90102f4a05b3a', 'DS Doritos UE Recording 3', 'started', 0, 1435701600);
INSERT INTO `recording`
  (`id`, `brand_id`, `project_id`, `datasift_recording_id`, `hash`, `name`, `status`, `vqb_generated`, `created_at`)
VALUES
  (23, 7, NULL, '6260ffab43850eae8ec90102f4a05b3a', '6260ffab43850eae8ec90102f4a05b3a', 'NVB Pringles Canada Recording 3', 'started', 1, 1435701600);
INSERT INTO `recording`
  (`id`, `brand_id`, `project_id`, `datasift_recording_id`, `hash`, `name`, `status`, `vqb_generated`, `created_at`)
VALUES
  (24, 8, NULL, '6260ffab43850eae8ec90102f4a05b3a', '6260ffab43850eae8ec90102f4a05b3a', 'NVB Doritos Canada Recording 3', 'started', 1, 1435701600);

-- -----------------------------------------------------
-- FIXTURES `tornado`.`workbook`
-- -----------------------------------------------------
INSERT INTO `workbook`
  (`id`, `project_id`, `name`, `recording_id`)
VALUES
  (1, 1, 'Workbook 1', 1);
INSERT INTO `workbook`
  (`id`, `project_id`, `name`, `recording_id`)
VALUES
  (2, 1, 'Workbook 2', 17);
INSERT INTO `workbook`
  (`id`, `project_id`, `name`, `recording_id`)
VALUES
  (3, 2, 'Workbook 1', 2);
INSERT INTO `workbook`
  (`id`, `project_id`, `name`, `recording_id`)
VALUES
  (4, 3, 'Workbook 1', 3);
INSERT INTO `workbook`
  (`id`, `project_id`, `name`, `recording_id`)
VALUES
  (5, 3, 'Workbook 2', 19);
INSERT INTO `workbook`
  (`id`, `project_id`, `name`, `recording_id`)
VALUES
  (6, 3, 'Workbook 3', 3);
INSERT INTO `workbook`
  (`id`, `project_id`, `name`, `recording_id`)
VALUES
  (7, 4, 'Workbook 1', 20);
INSERT INTO `workbook`
  (`id`, `project_id`, `name`, `recording_id`)
VALUES
  (8, 4, 'Workbook 2', 4);
INSERT INTO `workbook`
  (`id`, `project_id`, `name`, `recording_id`)
VALUES
  (9, 4, 'Workbook 3', 4);
INSERT INTO `workbook`
  (`id`, `project_id`, `name`, `recording_id`)
VALUES
  (10, 5, 'Workbook 1', 5);
INSERT INTO `workbook`
  (`id`, `project_id`, `name`, `recording_id`)
VALUES
  (11, 6, 'Workbook 1', 6);
INSERT INTO `workbook`
  (`id`, `project_id`, `name`, `recording_id`)
VALUES
  (12, 7, 'Workbook 1', 7);
INSERT INTO `workbook`
  (`id`, `project_id`, `name`, `recording_id`)
VALUES
  (13, 7, 'Workbook 2', 23);
INSERT INTO `workbook`
  (`id`, `project_id`, `name`, `recording_id`)
VALUES
  (14, 8, 'Workbook 1', 8);

-- -----------------------------------------------------
-- FIXTURES `tornado`.`worksheet`
-- -----------------------------------------------------
INSERT INTO `worksheet`
  (`id`, `workbook_id`, `name`, `rank`, `dimensions`, `created_at`, `updated_at`)
VALUES
  (1, 1, 'Worksheet 1', 1, '[{"target":"fb.author.gender","cardinality":null,"label":null,"threshold":100},{"target":"fb.author.age","cardinality":null,"label":null,"threshold":null}]', 1435701600, 1435701600);
INSERT INTO `worksheet`
  (`id`, `workbook_id`, `name`, `rank`, `dimensions`, `created_at`, `updated_at`)
VALUES
  (2, 1, 'Worksheet 2', 2, '[{"target":"fb.author.gender","cardinality":null,"label":null,"threshold":100},{"target":"fb.author.age","cardinality":null,"label":null,"threshold":null}]', 1435701600, 1435701600);
INSERT INTO `worksheet`
  (`id`, `workbook_id`, `name`, `rank`, `dimensions`, `created_at`, `updated_at`)
VALUES
  (3, 2, 'Worksheet 1', 1, '[{"target":"fb.author.gender","cardinality":null,"label":null,"threshold":100},{"target":"fb.author.age","cardinality":null,"label":null,"threshold":null}]', 1435701600, 1435701600);
INSERT INTO `worksheet`
  (`id`, `workbook_id`, `name`, `rank`, `dimensions`, `created_at`, `updated_at`)
VALUES
  (4, 3, 'Worksheet 1', 1, '[{"target":"fb.author.gender","cardinality":null,"label":null,"threshold":100},{"target":"fb.author.age","cardinality":null,"label":null,"threshold":null}]', 1435701600, 1435701600);
INSERT INTO `worksheet`
  (`id`, `workbook_id`, `name`, `rank`, `dimensions`, `created_at`, `updated_at`)
VALUES
  (5, 3, 'Worksheet 2', 3, '[{"target":"fb.author.gender","cardinality":null,"label":null,"threshold":100},{"target":"fb.author.age","cardinality":null,"label":null,"threshold":null}]', 1435701600, 1435701600);
INSERT INTO `worksheet`
  (`id`, `workbook_id`, `name`, `rank`, `dimensions`, `created_at`, `updated_at`)
VALUES
  (6, 3, 'Worksheet 3', 2, '[{"target":"fb.author.gender","cardinality":null,"label":null,"threshold":100},{"target":"fb.author.age","cardinality":null,"label":null,"threshold":null}]', 1435701600, 1435701600);
INSERT INTO `worksheet`
  (`id`, `workbook_id`, `name`, `rank`, `dimensions`, `created_at`, `updated_at`)
VALUES
  (7, 4, 'Worksheet 1', 3, '[{"target":"fb.author.gender","cardinality":null,"label":null,"threshold":100},{"target":"fb.author.age","cardinality":null,"label":null,"threshold":null}]', 1435701600, 1435701600);
INSERT INTO `worksheet`
  (`id`, `workbook_id`, `name`, `rank`, `dimensions`, `created_at`, `updated_at`)
VALUES
  (8, 4, 'Worksheet 2', 1, '[{"target":"fb.author.gender","cardinality":null,"label":null,"threshold":100},{"target":"fb.author.age","cardinality":null,"label":null,"threshold":null}]', 1435701600, 1435701600);
INSERT INTO `worksheet`
  (`id`, `workbook_id`, `name`, `rank`, `dimensions`, `created_at`, `updated_at`)
VALUES
  (9, 4, 'Worksheet 3', 2, '[{"target":"fb.author.gender","cardinality":null,"label":null,"threshold":100},{"target":"fb.author.age","cardinality":null,"label":null,"threshold":null}]', 1435701600, 1435701600);
INSERT INTO `worksheet`
  (`id`, `workbook_id`, `name`, `rank`, `dimensions`, `created_at`, `updated_at`)
VALUES
  (10, 5, 'Worksheet 1', 1, '[{"target":"fb.author.gender","cardinality":null,"label":null,"threshold":100},{"target":"fb.author.age","cardinality":null,"label":null,"threshold":null}]', 1435701600, 1435701600);
INSERT INTO `worksheet`
  (`id`, `workbook_id`, `name`, `rank`, `dimensions`, `created_at`, `updated_at`)
VALUES
  (11, 6, 'Worksheet 1', 4, '[{"target":"fb.author.gender","cardinality":null,"label":null,"threshold":100},{"target":"fb.author.age","cardinality":null,"label":null,"threshold":null}]', 1435701600, 1435701600);
INSERT INTO `worksheet`
  (`id`, `workbook_id`, `name`, `rank`, `dimensions`, `created_at`, `updated_at`)
VALUES
  (12, 7, 'Worksheet 1', 1, '[{"target":"fb.author.gender","cardinality":null,"label":null,"threshold":100},{"target":"fb.author.age","cardinality":null,"label":null,"threshold":null}]', 1435701600, 1435701600);
INSERT INTO `worksheet`
  (`id`, `workbook_id`, `name`, `rank`, `dimensions`, `created_at`, `updated_at`)
VALUES
  (13, 7, 'Worksheet 2', 2, '[{"target":"fb.author.gender","cardinality":null,"label":null,"threshold":100},{"target":"fb.author.age","cardinality":null,"label":null,"threshold":null}]', 1435701600, 1435701600);
INSERT INTO `worksheet`
  (`id`, `workbook_id`, `name`, `rank`, `dimensions`, `created_at`, `updated_at`)
VALUES
  (14, 8, 'Worksheet 1', 1, '[{"target":"fb.author.gender","cardinality":null,"label":null,"threshold":100},{"target":"fb.author.age","cardinality":null,"label":null,"threshold":null}]', 1435701600, 1435701600);
INSERT INTO `worksheet`
  (`id`, `workbook_id`, `name`, `rank`, `dimensions`, `created_at`, `updated_at`)
VALUES
  (15, 8, 'Worksheet 2', 2, '[{"target":"fb.author.gender","cardinality":null,"label":null,"threshold":100},{"target":"fb.author.age","cardinality":null,"label":null,"threshold":null}]', 1435701600, 1435701600);
INSERT INTO `worksheet`
  (`id`, `workbook_id`, `name`, `rank`, `dimensions`, `created_at`, `updated_at`)
VALUES
  (16, 8, 'Worksheet 3', 3, '[{"target":"fb.author.gender","cardinality":null,"label":null,"threshold":100},{"target":"fb.author.age","cardinality":null,"label":null,"threshold":null}]', 1435701600, 1435701600);
INSERT INTO `worksheet`
  (`id`, `workbook_id`, `name`, `rank`, `dimensions`, `created_at`, `updated_at`)
VALUES
  (17, 8, 'Worksheet 4', 4, '[{"target":"fb.author.gender","cardinality":null,"label":null,"threshold":100},{"target":"fb.author.age","cardinality":null,"label":null,"threshold":null}]', 1435701600, 1435701600);
INSERT INTO `worksheet`
  (`id`, `workbook_id`, `name`, `rank`, `dimensions`, `created_at`, `updated_at`)
VALUES
  (18, 9, 'Worksheet 1', 1, '[{"target":"fb.author.gender","cardinality":null,"label":null,"threshold":100},{"target":"fb.author.age","cardinality":null,"label":null,"threshold":null}]', 1435701600, 1435701600);
INSERT INTO `worksheet`
  (`id`, `workbook_id`, `name`, `rank`, `dimensions`, `created_at`, `updated_at`)
VALUES
  (19, 9, 'Worksheet 2', 1, '[{"target":"fb.author.gender","cardinality":null,"label":null,"threshold":100},{"target":"fb.author.age","cardinality":null,"label":null,"threshold":null}]', 1435701600, 1435701600);
INSERT INTO `worksheet`
  (`id`, `workbook_id`, `name`, `rank`, `dimensions`, `created_at`, `updated_at`)
VALUES
  (20, 10, 'Worksheet 1', 1, '[{"target":"fb.author.gender","cardinality":null,"label":null,"threshold":100},{"target":"fb.author.age","cardinality":null,"label":null,"threshold":null}]', 1435701600, 1435701600);
INSERT INTO `worksheet`
  (`id`, `workbook_id`, `name`, `rank`, `dimensions`, `created_at`, `updated_at`)
VALUES
  (21, 11, 'Worksheet 1', 1, '[{"target":"fb.author.gender","cardinality":null,"label":null,"threshold":100},{"target":"fb.author.age","cardinality":null,"label":null,"threshold":null}]', 1435701600, 1435701600);
INSERT INTO `worksheet`
  (`id`, `workbook_id`, `name`, `rank`, `dimensions`, `created_at`, `updated_at`)
VALUES
  (22, 12, 'Worksheet 1', 1, '[{"target":"fb.author.gender","cardinality":null,"label":null,"threshold":100},{"target":"fb.author.age","cardinality":null,"label":null,"threshold":null}]', 1435701600, 1435701600);
INSERT INTO `worksheet`
  (`id`, `workbook_id`, `name`, `rank`, `dimensions`, `created_at`, `updated_at`)
VALUES
  (23, 13, 'Worksheet 1', 1, '[{"target":"fb.author.gender","cardinality":null,"label":null,"threshold":100},{"target":"fb.author.age","cardinality":null,"label":null,"threshold":null}]', 1435701600, 1435701600);
INSERT INTO `worksheet`
  (`id`, `workbook_id`, `name`, `rank`, `dimensions`, `created_at`, `updated_at`)
VALUES
  (24, 14, 'Worksheet 1', 1, '[{"target":"fb.author.gender","cardinality":null,"label":null,"threshold":100},{"target":"fb.author.age","cardinality":null,"label":null,"threshold":null}]', 1435701600, 1435701600);

-- -----------------------------------------------------
-- FIXTURES `tornado`.`chart`
-- -----------------------------------------------------
INSERT INTO `chart`
  (`id`, `worksheet_id`, `name`, `rank`, `type`, `data`)
VALUES
  (1, 1, 'Tornado Chart 1', 1, 'tornado', '{"interactions":{"A thing":[["Variable 1",10,22],["Variable 2",14,40],["Variable 3",50,60],["Variable 4",30,70],["Variable 5",14,40],["Variable 6",50,60],["Variable 7",30,70]],"Another thing":[["Variable 1",30,70],["Variable 2",50,60],["Variable 3",14,40],["Variable 4",10,22],["Variable 5",14,40],["Variable 6",50,60],["Variable 7",30,70]]},"unique_authors":{"A thing":[["Variable 1",10,22],["Variable 2",14,40],["Variable 3",50,60],["Variable 4",30,70],["Variable 5",14,40],["Variable 6",50,60],["Variable 7",30,70]],"Another thing":[["Variable 1",30,70],["Variable 2",50,60],["Variable 3",14,40],["Variable 4",10,22],["Variable 5",14,40],["Variable 6",50,60],["Variable 7",30,70]]}}');
INSERT INTO `chart`
  (`id`, `worksheet_id`, `name`, `rank`, `type`, `data`)
VALUES
  (2, 1, 'Tornado Chart 2', 2, 'tornado', '{"interactions":{"A thing":[["Variable 1",10,22],["Variable 2",14,40],["Variable 3",50,60],["Variable 4",30,70],["Variable 5",14,40],["Variable 6",50,60],["Variable 7",30,70]],"Another thing":[["Variable 1",30,70],["Variable 2",50,60],["Variable 3",14,40],["Variable 4",10,22],["Variable 5",14,40],["Variable 6",50,60],["Variable 7",30,70]]},"unique_authors":{"A thing":[["Variable 1",10,22],["Variable 2",14,40],["Variable 3",50,60],["Variable 4",30,70],["Variable 5",14,40],["Variable 6",50,60],["Variable 7",30,70]],"Another thing":[["Variable 1",30,70],["Variable 2",50,60],["Variable 3",14,40],["Variable 4",10,22],["Variable 5",14,40],["Variable 6",50,60],["Variable 7",30,70]]}}');
INSERT INTO `chart`
  (`id`, `worksheet_id`, `name`, `rank`, `type`, `data`)
VALUES
  (3, 2, 'Tornado Chart 1', 3, 'tornado', '{"interactions":{"A thing":[["Variable 1",10,22],["Variable 2",14,40],["Variable 3",50,60],["Variable 4",30,70],["Variable 5",14,40],["Variable 6",50,60],["Variable 7",30,70]],"Another thing":[["Variable 1",30,70],["Variable 2",50,60],["Variable 3",14,40],["Variable 4",10,22],["Variable 5",14,40],["Variable 6",50,60],["Variable 7",30,70]]},"unique_authors":{"A thing":[["Variable 1",10,22],["Variable 2",14,40],["Variable 3",50,60],["Variable 4",30,70],["Variable 5",14,40],["Variable 6",50,60],["Variable 7",30,70]],"Another thing":[["Variable 1",30,70],["Variable 2",50,60],["Variable 3",14,40],["Variable 4",10,22],["Variable 5",14,40],["Variable 6",50,60],["Variable 7",30,70]]}}');
INSERT INTO `chart`
  (`id`, `worksheet_id`, `name`, `rank`, `type`, `data`)
VALUES
  (4, 2, 'Tornado Chart 2', 2, 'tornado', '{"interactions":{"A thing":[["Variable 1",10,22],["Variable 2",14,40],["Variable 3",50,60],["Variable 4",30,70],["Variable 5",14,40],["Variable 6",50,60],["Variable 7",30,70]],"Another thing":[["Variable 1",30,70],["Variable 2",50,60],["Variable 3",14,40],["Variable 4",10,22],["Variable 5",14,40],["Variable 6",50,60],["Variable 7",30,70]]},"unique_authors":{"A thing":[["Variable 1",10,22],["Variable 2",14,40],["Variable 3",50,60],["Variable 4",30,70],["Variable 5",14,40],["Variable 6",50,60],["Variable 7",30,70]],"Another thing":[["Variable 1",30,70],["Variable 2",50,60],["Variable 3",14,40],["Variable 4",10,22],["Variable 5",14,40],["Variable 6",50,60],["Variable 7",30,70]]}}');
INSERT INTO `chart`
  (`id`, `worksheet_id`, `name`, `rank`, `type`, `data`)
VALUES
  (5, 2, 'Tornado Chart 3', 1, 'tornado', '{"interactions":{"A thing":[["Variable 1",10,22],["Variable 2",14,40],["Variable 3",50,60],["Variable 4",30,70],["Variable 5",14,40],["Variable 6",50,60],["Variable 7",30,70]],"Another thing":[["Variable 1",30,70],["Variable 2",50,60],["Variable 3",14,40],["Variable 4",10,22],["Variable 5",14,40],["Variable 6",50,60],["Variable 7",30,70]]},"unique_authors":{"A thing":[["Variable 1",10,22],["Variable 2",14,40],["Variable 3",50,60],["Variable 4",30,70],["Variable 5",14,40],["Variable 6",50,60],["Variable 7",30,70]],"Another thing":[["Variable 1",30,70],["Variable 2",50,60],["Variable 3",14,40],["Variable 4",10,22],["Variable 5",14,40],["Variable 6",50,60],["Variable 7",30,70]]}}');
INSERT INTO `chart`
  (`id`, `worksheet_id`, `name`, `rank`, `type`, `data`)
VALUES
  (6, 3, 'Tornado Chart 1', 1, 'tornado', '{"interactions":{"A thing":[["Variable 1",10,22],["Variable 2",14,40],["Variable 3",50,60],["Variable 4",30,70],["Variable 5",14,40],["Variable 6",50,60],["Variable 7",30,70]],"Another thing":[["Variable 1",30,70],["Variable 2",50,60],["Variable 3",14,40],["Variable 4",10,22],["Variable 5",14,40],["Variable 6",50,60],["Variable 7",30,70]]},"unique_authors":{"A thing":[["Variable 1",10,22],["Variable 2",14,40],["Variable 3",50,60],["Variable 4",30,70],["Variable 5",14,40],["Variable 6",50,60],["Variable 7",30,70]],"Another thing":[["Variable 1",30,70],["Variable 2",50,60],["Variable 3",14,40],["Variable 4",10,22],["Variable 5",14,40],["Variable 6",50,60],["Variable 7",30,70]]}}');
INSERT INTO `chart`
  (`id`, `worksheet_id`, `name`, `rank`, `type`, `data`)
VALUES
  (7, 4, 'Tornado Chart 1', 4, 'tornado', '{"interactions":{"A thing":[["Variable 1",10,22],["Variable 2",14,40],["Variable 3",50,60],["Variable 4",30,70],["Variable 5",14,40],["Variable 6",50,60],["Variable 7",30,70]],"Another thing":[["Variable 1",30,70],["Variable 2",50,60],["Variable 3",14,40],["Variable 4",10,22],["Variable 5",14,40],["Variable 6",50,60],["Variable 7",30,70]]},"unique_authors":{"A thing":[["Variable 1",10,22],["Variable 2",14,40],["Variable 3",50,60],["Variable 4",30,70],["Variable 5",14,40],["Variable 6",50,60],["Variable 7",30,70]],"Another thing":[["Variable 1",30,70],["Variable 2",50,60],["Variable 3",14,40],["Variable 4",10,22],["Variable 5",14,40],["Variable 6",50,60],["Variable 7",30,70]]}}');
INSERT INTO `chart`
  (`id`, `worksheet_id`, `name`, `rank`, `type`, `data`)
VALUES
  (8, 4, 'Tornado Chart 2', 5, 'tornado', '{"interactions":{"A thing":[["Variable 1",10,22],["Variable 2",14,40],["Variable 3",50,60],["Variable 4",30,70],["Variable 5",14,40],["Variable 6",50,60],["Variable 7",30,70]],"Another thing":[["Variable 1",30,70],["Variable 2",50,60],["Variable 3",14,40],["Variable 4",10,22],["Variable 5",14,40],["Variable 6",50,60],["Variable 7",30,70]]},"unique_authors":{"A thing":[["Variable 1",10,22],["Variable 2",14,40],["Variable 3",50,60],["Variable 4",30,70],["Variable 5",14,40],["Variable 6",50,60],["Variable 7",30,70]],"Another thing":[["Variable 1",30,70],["Variable 2",50,60],["Variable 3",14,40],["Variable 4",10,22],["Variable 5",14,40],["Variable 6",50,60],["Variable 7",30,70]]}}');
INSERT INTO `chart`
  (`id`, `worksheet_id`, `name`, `rank`, `type`, `data`)
VALUES
  (9, 4, 'Tornado Chart 3', 1, 'tornado', '{"interactions":{"A thing":[["Variable 1",10,22],["Variable 2",14,40],["Variable 3",50,60],["Variable 4",30,70],["Variable 5",14,40],["Variable 6",50,60],["Variable 7",30,70]],"Another thing":[["Variable 1",30,70],["Variable 2",50,60],["Variable 3",14,40],["Variable 4",10,22],["Variable 5",14,40],["Variable 6",50,60],["Variable 7",30,70]]},"unique_authors":{"A thing":[["Variable 1",10,22],["Variable 2",14,40],["Variable 3",50,60],["Variable 4",30,70],["Variable 5",14,40],["Variable 6",50,60],["Variable 7",30,70]],"Another thing":[["Variable 1",30,70],["Variable 2",50,60],["Variable 3",14,40],["Variable 4",10,22],["Variable 5",14,40],["Variable 6",50,60],["Variable 7",30,70]]}}');
INSERT INTO `chart`
  (`id`, `worksheet_id`, `name`, `rank`, `type`, `data`)
VALUES
  (10, 4, 'Tornado Chart 4', 5, 'tornado', '{"interactions":{"A thing":[["Variable 1",10,22],["Variable 2",14,40],["Variable 3",50,60],["Variable 4",30,70],["Variable 5",14,40],["Variable 6",50,60],["Variable 7",30,70]],"Another thing":[["Variable 1",30,70],["Variable 2",50,60],["Variable 3",14,40],["Variable 4",10,22],["Variable 5",14,40],["Variable 6",50,60],["Variable 7",30,70]],"unique_authors":{"A thing":[["Variable 1",10,22],["Variable 2",14,40],["Variable 3",50,60],["Variable 4",30,70],["Variable 5",14,40],["Variable 6",50,60],["Variable 7",30,70]],"Another thing":[["Variable 1",30,70],["Variable 2",50,60],["Variable 3",14,40],["Variable 4",10,22],["Variable 5",14,40],["Variable 6",50,60],["Variable 7",30,70]]}}}');
INSERT INTO `chart`
  (`id`, `worksheet_id`, `name`, `rank`, `type`, `data`)
VALUES
  (11, 4, 'Tornado Chart 5', 2, 'tornado', '{"interactions":{"A thing":[["Variable 1",10,22],["Variable 2",14,40],["Variable 3",50,60],["Variable 4",30,70],["Variable 5",14,40],["Variable 6",50,60],["Variable 7",30,70]],"Another thing":[["Variable 1",30,70],["Variable 2",50,60],["Variable 3",14,40],["Variable 4",10,22],["Variable 5",14,40],["Variable 6",50,60],["Variable 7",30,70]],"unique_authors":{"A thing":[["Variable 1",10,22],["Variable 2",14,40],["Variable 3",50,60],["Variable 4",30,70],["Variable 5",14,40],["Variable 6",50,60],["Variable 7",30,70]],"Another thing":[["Variable 1",30,70],["Variable 2",50,60],["Variable 3",14,40],["Variable 4",10,22],["Variable 5",14,40],["Variable 6",50,60],["Variable 7",30,70]]}}}');
INSERT INTO `chart`
  (`id`, `worksheet_id`, `name`, `rank`, `type`, `data`)
VALUES
  (12, 5, 'Tornado Chart 1', 1, 'tornado', '{"interactions":{"A thing":[["Variable 1",10,22],["Variable 2",14,40],["Variable 3",50,60],["Variable 4",30,70],["Variable 5",14,40],["Variable 6",50,60],["Variable 7",30,70]],"Another thing":[["Variable 1",30,70],["Variable 2",50,60],["Variable 3",14,40],["Variable 4",10,22],["Variable 5",14,40],["Variable 6",50,60],["Variable 7",30,70]]},"unique_authors":{"A thing":[["Variable 1",10,22],["Variable 2",14,40],["Variable 3",50,60],["Variable 4",30,70],["Variable 5",14,40],["Variable 6",50,60],["Variable 7",30,70]],"Another thing":[["Variable 1",30,70],["Variable 2",50,60],["Variable 3",14,40],["Variable 4",10,22],["Variable 5",14,40],["Variable 6",50,60],["Variable 7",30,70]]}}');
INSERT INTO `chart`
  (`id`, `worksheet_id`, `name`, `rank`, `type`, `data`)
VALUES
  (13, 6, 'Tornado Chart 1', 3, 'tornado', '{"interactions":{"A thing":[["Variable 1",10,22],["Variable 2",14,40],["Variable 3",50,60],["Variable 4",30,70],["Variable 5",14,40],["Variable 6",50,60],["Variable 7",30,70]],"Another thing":[["Variable 1",30,70],["Variable 2",50,60],["Variable 3",14,40],["Variable 4",10,22],["Variable 5",14,40],["Variable 6",50,60],["Variable 7",30,70]]},"unique_authors":{"A thing":[["Variable 1",10,22],["Variable 2",14,40],["Variable 3",50,60],["Variable 4",30,70],["Variable 5",14,40],["Variable 6",50,60],["Variable 7",30,70]],"Another thing":[["Variable 1",30,70],["Variable 2",50,60],["Variable 3",14,40],["Variable 4",10,22],["Variable 5",14,40],["Variable 6",50,60],["Variable 7",30,70]]}}');
INSERT INTO `chart`
  (`id`, `worksheet_id`, `name`, `rank`, `type`, `data`)
VALUES
  (14, 6, 'Tornado Chart 2', 1, 'tornado', '{"interactions":{"A thing":[["Variable 1",10,22],["Variable 2",14,40],["Variable 3",50,60],["Variable 4",30,70],["Variable 5",14,40],["Variable 6",50,60],["Variable 7",30,70]],"Another thing":[["Variable 1",30,70],["Variable 2",50,60],["Variable 3",14,40],["Variable 4",10,22],["Variable 5",14,40],["Variable 6",50,60],["Variable 7",30,70]]},"unique_authors":{"A thing":[["Variable 1",10,22],["Variable 2",14,40],["Variable 3",50,60],["Variable 4",30,70],["Variable 5",14,40],["Variable 6",50,60],["Variable 7",30,70]],"Another thing":[["Variable 1",30,70],["Variable 2",50,60],["Variable 3",14,40],["Variable 4",10,22],["Variable 5",14,40],["Variable 6",50,60],["Variable 7",30,70]]}}');
INSERT INTO `chart`
  (`id`, `worksheet_id`, `name`, `rank`, `type`, `data`)
VALUES
  (15, 6, 'Tornado Chart 3', 2, 'tornado', '{"interactions":{"A thing":[["Variable 1",10,22],["Variable 2",14,40],["Variable 3",50,60],["Variable 4",30,70],["Variable 5",14,40],["Variable 6",50,60],["Variable 7",30,70]],"Another thing":[["Variable 1",30,70],["Variable 2",50,60],["Variable 3",14,40],["Variable 4",10,22],["Variable 5",14,40],["Variable 6",50,60],["Variable 7",30,70]]},"unique_authors":{"A thing":[["Variable 1",10,22],["Variable 2",14,40],["Variable 3",50,60],["Variable 4",30,70],["Variable 5",14,40],["Variable 6",50,60],["Variable 7",30,70]],"Another thing":[["Variable 1",30,70],["Variable 2",50,60],["Variable 3",14,40],["Variable 4",10,22],["Variable 5",14,40],["Variable 6",50,60],["Variable 7",30,70]]}}');
INSERT INTO `chart`
  (`id`, `worksheet_id`, `name`, `rank`, `type`, `data`)
VALUES
  (16, 7, 'Tornado Chart 1', 1, 'tornado', '{"interactions":{"A thing":[["Variable 1",10,22],["Variable 2",14,40],["Variable 3",50,60],["Variable 4",30,70],["Variable 5",14,40],["Variable 6",50,60],["Variable 7",30,70]],"Another thing":[["Variable 1",30,70],["Variable 2",50,60],["Variable 3",14,40],["Variable 4",10,22],["Variable 5",14,40],["Variable 6",50,60],["Variable 7",30,70]]},"unique_authors":{"A thing":[["Variable 1",10,22],["Variable 2",14,40],["Variable 3",50,60],["Variable 4",30,70],["Variable 5",14,40],["Variable 6",50,60],["Variable 7",30,70]],"Another thing":[["Variable 1",30,70],["Variable 2",50,60],["Variable 3",14,40],["Variable 4",10,22],["Variable 5",14,40],["Variable 6",50,60],["Variable 7",30,70]]}}');
INSERT INTO `chart`
  (`id`, `worksheet_id`, `name`, `rank`, `type`, `data`)
VALUES
  (17, 8, 'Tornado Chart 1', 2, 'tornado', '{"interactions":{"A thing":[["Variable 1",10,22],["Variable 2",14,40],["Variable 3",50,60],["Variable 4",30,70],["Variable 5",14,40],["Variable 6",50,60],["Variable 7",30,70]],"Another thing":[["Variable 1",30,70],["Variable 2",50,60],["Variable 3",14,40],["Variable 4",10,22],["Variable 5",14,40],["Variable 6",50,60],["Variable 7",30,70]]},"unique_authors":{"A thing":[["Variable 1",10,22],["Variable 2",14,40],["Variable 3",50,60],["Variable 4",30,70],["Variable 5",14,40],["Variable 6",50,60],["Variable 7",30,70]],"Another thing":[["Variable 1",30,70],["Variable 2",50,60],["Variable 3",14,40],["Variable 4",10,22],["Variable 5",14,40],["Variable 6",50,60],["Variable 7",30,70]]}}');
INSERT INTO `chart`
  (`id`, `worksheet_id`, `name`, `rank`, `type`, `data`)
VALUES
  (18, 8, 'Tornado Chart 2', 1, 'tornado', '{"interactions":{"A thing":[["Variable 1",10,22],["Variable 2",14,40],["Variable 3",50,60],["Variable 4",30,70],["Variable 5",14,40],["Variable 6",50,60],["Variable 7",30,70]],"Another thing":[["Variable 1",30,70],["Variable 2",50,60],["Variable 3",14,40],["Variable 4",10,22],["Variable 5",14,40],["Variable 6",50,60],["Variable 7",30,70]]},"unique_authors":{"A thing":[["Variable 1",10,22],["Variable 2",14,40],["Variable 3",50,60],["Variable 4",30,70],["Variable 5",14,40],["Variable 6",50,60],["Variable 7",30,70]],"Another thing":[["Variable 1",30,70],["Variable 2",50,60],["Variable 3",14,40],["Variable 4",10,22],["Variable 5",14,40],["Variable 6",50,60],["Variable 7",30,70]]}}');
INSERT INTO `chart`
  (`id`, `worksheet_id`, `name`, `rank`, `type`, `data`)
VALUES
  (19, 9, 'Tornado Chart 1', 1, 'tornado', '{"interactions":{"A thing":[["Variable 1",10,22],["Variable 2",14,40],["Variable 3",50,60],["Variable 4",30,70],["Variable 5",14,40],["Variable 6",50,60],["Variable 7",30,70]],"Another thing":[["Variable 1",30,70],["Variable 2",50,60],["Variable 3",14,40],["Variable 4",10,22],["Variable 5",14,40],["Variable 6",50,60],["Variable 7",30,70]]},"unique_authors":{"A thing":[["Variable 1",10,22],["Variable 2",14,40],["Variable 3",50,60],["Variable 4",30,70],["Variable 5",14,40],["Variable 6",50,60],["Variable 7",30,70]],"Another thing":[["Variable 1",30,70],["Variable 2",50,60],["Variable 3",14,40],["Variable 4",10,22],["Variable 5",14,40],["Variable 6",50,60],["Variable 7",30,70]]}}');
INSERT INTO `chart`
  (`id`, `worksheet_id`, `name`, `rank`, `type`, `data`)
VALUES
  (20, 9, 'Tornado Chart 2', 1, 'tornado', '{"interactions":{"A thing":[["Variable 1",10,22],["Variable 2",14,40],["Variable 3",50,60],["Variable 4",30,70],["Variable 5",14,40],["Variable 6",50,60],["Variable 7",30,70]],"Another thing":[["Variable 1",30,70],["Variable 2",50,60],["Variable 3",14,40],["Variable 4",10,22],["Variable 5",14,40],["Variable 6",50,60],["Variable 7",30,70]]},"unique_authors":{"A thing":[["Variable 1",10,22],["Variable 2",14,40],["Variable 3",50,60],["Variable 4",30,70],["Variable 5",14,40],["Variable 6",50,60],["Variable 7",30,70]],"Another thing":[["Variable 1",30,70],["Variable 2",50,60],["Variable 3",14,40],["Variable 4",10,22],["Variable 5",14,40],["Variable 6",50,60],["Variable 7",30,70]]}}');
INSERT INTO `chart`
  (`id`, `worksheet_id`, `name`, `rank`, `type`, `data`)
VALUES
  (21, 10, 'Tornado Chart 1', 1, 'tornado', '{"interactions":{"A thing":[["Variable 1",10,22],["Variable 2",14,40],["Variable 3",50,60],["Variable 4",30,70],["Variable 5",14,40],["Variable 6",50,60],["Variable 7",30,70]],"Another thing":[["Variable 1",30,70],["Variable 2",50,60],["Variable 3",14,40],["Variable 4",10,22],["Variable 5",14,40],["Variable 6",50,60],["Variable 7",30,70]]},"unique_authors":{"A thing":[["Variable 1",10,22],["Variable 2",14,40],["Variable 3",50,60],["Variable 4",30,70],["Variable 5",14,40],["Variable 6",50,60],["Variable 7",30,70]],"Another thing":[["Variable 1",30,70],["Variable 2",50,60],["Variable 3",14,40],["Variable 4",10,22],["Variable 5",14,40],["Variable 6",50,60],["Variable 7",30,70]]}}');
INSERT INTO `chart`
  (`id`, `worksheet_id`, `name`, `rank`, `type`, `data`)
VALUES
  (22, 10, 'Tornado Chart 4', 4, 'tornado', '{"interactions":{"A thing":[["Variable 1",10,22],["Variable 2",14,40],["Variable 3",50,60],["Variable 4",30,70],["Variable 5",14,40],["Variable 6",50,60],["Variable 7",30,70]],"Another thing":[["Variable 1",30,70],["Variable 2",50,60],["Variable 3",14,40],["Variable 4",10,22],["Variable 5",14,40],["Variable 6",50,60],["Variable 7",30,70]]},"unique_authors":{"A thing":[["Variable 1",10,22],["Variable 2",14,40],["Variable 3",50,60],["Variable 4",30,70],["Variable 5",14,40],["Variable 6",50,60],["Variable 7",30,70]],"Another thing":[["Variable 1",30,70],["Variable 2",50,60],["Variable 3",14,40],["Variable 4",10,22],["Variable 5",14,40],["Variable 6",50,60],["Variable 7",30,70]]}}');
INSERT INTO `chart`
  (`id`, `worksheet_id`, `name`, `rank`, `type`, `data`)
VALUES
  (23, 11, 'Tornado Chart 5', 5, 'tornado', '{"interactions":{"A thing":[["Variable 1",10,22],["Variable 2",14,40],["Variable 3",50,60],["Variable 4",30,70],["Variable 5",14,40],["Variable 6",50,60],["Variable 7",30,70]],"Another thing":[["Variable 1",30,70],["Variable 2",50,60],["Variable 3",14,40],["Variable 4",10,22],["Variable 5",14,40],["Variable 6",50,60],["Variable 7",30,70]]},"unique_authors":{"A thing":[["Variable 1",10,22],["Variable 2",14,40],["Variable 3",50,60],["Variable 4",30,70],["Variable 5",14,40],["Variable 6",50,60],["Variable 7",30,70]],"Another thing":[["Variable 1",30,70],["Variable 2",50,60],["Variable 3",14,40],["Variable 4",10,22],["Variable 5",14,40],["Variable 6",50,60],["Variable 7",30,70]]}}');
INSERT INTO `chart`
  (`id`, `worksheet_id`, `name`, `rank`, `type`, `data`)
VALUES
  (24, 11, 'Tornado Chart 10', 10, 'tornado', '{"interactions":{"A thing":[["Variable 1",10,22],["Variable 2",14,40],["Variable 3",50,60],["Variable 4",30,70],["Variable 5",14,40],["Variable 6",50,60],["Variable 7",30,70]],"Another thing":[["Variable 1",30,70],["Variable 2",50,60],["Variable 3",14,40],["Variable 4",10,22],["Variable 5",14,40],["Variable 6",50,60],["Variable 7",30,70]]},"unique_authors":{"A thing":[["Variable 1",10,22],["Variable 2",14,40],["Variable 3",50,60],["Variable 4",30,70],["Variable 5",14,40],["Variable 6",50,60],["Variable 7",30,70]],"Another thing":[["Variable 1",30,70],["Variable 2",50,60],["Variable 3",14,40],["Variable 4",10,22],["Variable 5",14,40],["Variable 6",50,60],["Variable 7",30,70]]}}');
INSERT INTO `chart`
  (`id`, `worksheet_id`, `name`, `rank`, `type`, `data`)
VALUES
  (25, 12, 'Tornado Chart 6', 1, 'tornado', '{"interactions":{"A thing":[["Variable 1",10,22],["Variable 2",14,40],["Variable 3",50,60],["Variable 4",30,70],["Variable 5",14,40],["Variable 6",50,60],["Variable 7",30,70]],"Another thing":[["Variable 1",30,70],["Variable 2",50,60],["Variable 3",14,40],["Variable 4",10,22],["Variable 5",14,40],["Variable 6",50,60],["Variable 7",30,70]]},"unique_authors":{"A thing":[["Variable 1",10,22],["Variable 2",14,40],["Variable 3",50,60],["Variable 4",30,70],["Variable 5",14,40],["Variable 6",50,60],["Variable 7",30,70]],"Another thing":[["Variable 1",30,70],["Variable 2",50,60],["Variable 3",14,40],["Variable 4",10,22],["Variable 5",14,40],["Variable 6",50,60],["Variable 7",30,70]]}}');
INSERT INTO `chart`
  (`id`, `worksheet_id`, `name`, `rank`, `type`, `data`)
VALUES
  (26, 12, 'Tornado Chart 7', 5, 'tornado', '{"interactions":{"A thing":[["Variable 1",10,22],["Variable 2",14,40],["Variable 3",50,60],["Variable 4",30,70],["Variable 5",14,40],["Variable 6",50,60],["Variable 7",30,70]],"Another thing":[["Variable 1",30,70],["Variable 2",50,60],["Variable 3",14,40],["Variable 4",10,22],["Variable 5",14,40],["Variable 6",50,60],["Variable 7",30,70]]},"unique_authors":{"A thing":[["Variable 1",10,22],["Variable 2",14,40],["Variable 3",50,60],["Variable 4",30,70],["Variable 5",14,40],["Variable 6",50,60],["Variable 7",30,70]],"Another thing":[["Variable 1",30,70],["Variable 2",50,60],["Variable 3",14,40],["Variable 4",10,22],["Variable 5",14,40],["Variable 6",50,60],["Variable 7",30,70]]}}');
INSERT INTO `chart`
  (`id`, `worksheet_id`, `name`, `rank`, `type`, `data`)
VALUES
  (27, 12, 'Tornado Chart 2', 8, 'tornado', '{"interactions":{"A thing":[["Variable 1",10,22],["Variable 2",14,40],["Variable 3",50,60],["Variable 4",30,70],["Variable 5",14,40],["Variable 6",50,60],["Variable 7",30,70]],"Another thing":[["Variable 1",30,70],["Variable 2",50,60],["Variable 3",14,40],["Variable 4",10,22],["Variable 5",14,40],["Variable 6",50,60],["Variable 7",30,70]]},"unique_authors":{"A thing":[["Variable 1",10,22],["Variable 2",14,40],["Variable 3",50,60],["Variable 4",30,70],["Variable 5",14,40],["Variable 6",50,60],["Variable 7",30,70]],"Another thing":[["Variable 1",30,70],["Variable 2",50,60],["Variable 3",14,40],["Variable 4",10,22],["Variable 5",14,40],["Variable 6",50,60],["Variable 7",30,70]]}}');
INSERT INTO `chart`
  (`id`, `worksheet_id`, `name`, `rank`, `type`, `data`)
VALUES
  (28, 12, 'Tornado Chart 11', 2, 'tornado', '{"interactions":{"A thing":[["Variable 1",10,22],["Variable 2",14,40],["Variable 3",50,60],["Variable 4",30,70],["Variable 5",14,40],["Variable 6",50,60],["Variable 7",30,70]],"Another thing":[["Variable 1",30,70],["Variable 2",50,60],["Variable 3",14,40],["Variable 4",10,22],["Variable 5",14,40],["Variable 6",50,60],["Variable 7",30,70]]},"unique_authors":{"A thing":[["Variable 1",10,22],["Variable 2",14,40],["Variable 3",50,60],["Variable 4",30,70],["Variable 5",14,40],["Variable 6",50,60],["Variable 7",30,70]],"Another thing":[["Variable 1",30,70],["Variable 2",50,60],["Variable 3",14,40],["Variable 4",10,22],["Variable 5",14,40],["Variable 6",50,60],["Variable 7",30,70]]}}');
INSERT INTO `chart`
  (`id`, `worksheet_id`, `name`, `rank`, `type`, `data`)
VALUES
  (29, 12, 'Tornado Chart 5', 4, 'tornado', '{"interactions":{"A thing":[["Variable 1",10,22],["Variable 2",14,40],["Variable 3",50,60],["Variable 4",30,70],["Variable 5",14,40],["Variable 6",50,60],["Variable 7",30,70]],"Another thing":[["Variable 1",30,70],["Variable 2",50,60],["Variable 3",14,40],["Variable 4",10,22],["Variable 5",14,40],["Variable 6",50,60],["Variable 7",30,70]]},"unique_authors":{"A thing":[["Variable 1",10,22],["Variable 2",14,40],["Variable 3",50,60],["Variable 4",30,70],["Variable 5",14,40],["Variable 6",50,60],["Variable 7",30,70]],"Another thing":[["Variable 1",30,70],["Variable 2",50,60],["Variable 3",14,40],["Variable 4",10,22],["Variable 5",14,40],["Variable 6",50,60],["Variable 7",30,70]]}}');
INSERT INTO `chart`
  (`id`, `worksheet_id`, `name`, `rank`, `type`, `data`)
VALUES
  (30, 13, 'Tornado Chart 1', 1, 'tornado', '{"interactions":{"A thing":[["Variable 1",10,22],["Variable 2",14,40],["Variable 3",50,60],["Variable 4",30,70],["Variable 5",14,40],["Variable 6",50,60],["Variable 7",30,70]],"Another thing":[["Variable 1",30,70],["Variable 2",50,60],["Variable 3",14,40],["Variable 4",10,22],["Variable 5",14,40],["Variable 6",50,60],["Variable 7",30,70]]},"unique_authors":{"A thing":[["Variable 1",10,22],["Variable 2",14,40],["Variable 3",50,60],["Variable 4",30,70],["Variable 5",14,40],["Variable 6",50,60],["Variable 7",30,70]],"Another thing":[["Variable 1",30,70],["Variable 2",50,60],["Variable 3",14,40],["Variable 4",10,22],["Variable 5",14,40],["Variable 6",50,60],["Variable 7",30,70]]}}');
INSERT INTO `chart`
  (`id`, `worksheet_id`, `name`, `rank`, `type`, `data`)
VALUES
  (31, 14, 'Tornado Chart 10', 10, 'tornado', '{"interactions":{"A thing":[["Variable 1",10,22],["Variable 2",14,40],["Variable 3",50,60],["Variable 4",30,70],["Variable 5",14,40],["Variable 6",50,60],["Variable 7",30,70]],"Another thing":[["Variable 1",30,70],["Variable 2",50,60],["Variable 3",14,40],["Variable 4",10,22],["Variable 5",14,40],["Variable 6",50,60],["Variable 7",30,70]]},"unique_authors":{"A thing":[["Variable 1",10,22],["Variable 2",14,40],["Variable 3",50,60],["Variable 4",30,70],["Variable 5",14,40],["Variable 6",50,60],["Variable 7",30,70]],"Another thing":[["Variable 1",30,70],["Variable 2",50,60],["Variable 3",14,40],["Variable 4",10,22],["Variable 5",14,40],["Variable 6",50,60],["Variable 7",30,70]]}}');

-- --------------------------------------------------------
-- FIXTURES `tornado`.`users`
-- passwords equals "test"
-- only NEVERBLAND & DATASIFT organization used
-- --------------------------------------------------------
INSERT INTO `user`
  (`id`, `email`, `username`, `password`, `organization_id`, `disabled`)
VALUES
  (1, 'test@neverbland.com', 'neverbland', '$2y$10$ZRpvzrzYPgDowIRYqnD/tuJxqz2.I/4J2f8pS.wVDrU7InOE9DN9S', 3, 0);
INSERT INTO `user`
  (`id`, `email`, `username`, `password`, `organization_id`, `disabled`)
VALUES
  (2, 'test@datasift.com', 'datasift', '$2y$10$ZRpvzrzYPgDowIRYqnD/tuJxqz2.I/4J2f8pS.wVDrU7InOE9DN9S', 3, 0);
INSERT INTO `user`
  (`id`, `email`, `username`, `password`, `organization_id`, `disabled`)
VALUES
  (3, 'disabled@datasift.com', 'disabled', '$2y$10$ZRpvzrzYPgDowIRYqnD/tuJxqz2.I/4J2f8pS.wVDrU7InOE9DN9S', 3, 1);

-- --------------------------------------------------------
-- FIXTURES `tornado`.`roles`
-- --------------------------------------------------------
INSERT INTO `role`
  (`id`, `name`)
VALUES
  (1, 'role_superadmin');
INSERT INTO `role`
  (`id`, `name`)
VALUES
  (2, 'role_admin');

-- --------------------------------------------------------
-- FIXTURES `tornado`.`users_roles`
-- --------------------------------------------------------
INSERT INTO `users_roles`
  (`user_id`, `role_id`)
VALUES
  (1, 2);
INSERT INTO `users_roles`
  (`user_id`, `role_id`)
VALUES
  (2, 1);
INSERT INTO `users_roles`
  (`user_id`, `role_id`)
VALUES
  (2, 2);

-- -----------------------------------------------------
-- FIXTURES `tornado`.`users_agencies`
-- -----------------------------------------------------
INSERT INTO `users_agencies`
  (`user_id`, `agency_id`)
VALUES
  (1, 3);
INSERT INTO `users_agencies`
  (`user_id`, `agency_id`)
VALUES
  (1, 4);
INSERT INTO `users_agencies`
  (`user_id`, `agency_id`)
VALUES
  (2, 3);
INSERT INTO `users_agencies`
  (`user_id`, `agency_id`)
VALUES
  (2, 4);

-- -----------------------------------------------------
-- FIXTURES `tornado`.`users_brands`
-- -----------------------------------------------------
-- DATASIFT --
INSERT INTO `users_brands`
  (`user_id`, `brand_id`)
VALUES
  (2,1);
INSERT INTO `users_brands`
  (`user_id`, `brand_id`)
VALUES
  (2,3);
INSERT INTO `users_brands`
  (`user_id`, `brand_id`)
VALUES
  (2,4);
INSERT INTO `users_brands`
  (`user_id`, `brand_id`)
VALUES
  (2,7);
-- NEVERBLAND --
INSERT INTO `users_brands`
  (`user_id`, `brand_id`)
VALUES
  (1,3);
INSERT INTO `users_brands`
  (`user_id`, `brand_id`)
VALUES
  (1,4);
INSERT INTO `users_brands`
  (`user_id`, `brand_id`)
VALUES
  (1,7);
INSERT INTO `users_brands`
  (`user_id`, `brand_id`)
VALUES
  (1,8);
INSERT INTO `users_brands`
  (`user_id`, `brand_id`)
VALUES
  (1,1);

-- -----------------------------------------------------
-- FIXTURES `tornado`.`dataset`
-- -----------------------------------------------------
INSERT INTO `dataset`
(`id`, `brand_id`, `recording_id`, `name`, `dimensions`, `visibility`, `analysis_type`, `schedule`, `schedule_units`, `time_range`, `status`, `created_at`, `updated_at`, `last_refreshed`, `data`)
VALUES
  (1, 1, 1, 'US Sample, age and gender', 'fb.author.age,fb.author.gender', 'public', 'freqDist', 1, 'day', 'day', 'running', 1435701600, 1435701600, 1435701600, '{\"measure:interactions\":{\"dimension:fb.author.age\":{\"25-34\":{\"dimension:fb.author.gender\":{\"female\":{\"%VALUE%\":79600,\"%REDACTED%\":false},\"male\":{\"%VALUE%\":42000,\"%REDACTED%\":false},\"unknown\":{\"%VALUE%\":600,\"%REDACTED%\":false}},\"%VALUE%\":122200,\"%REDACTED%\":false},\"35-44\":{\"dimension:fb.author.gender\":{\"female\":{\"%VALUE%\":69300,\"%REDACTED%\":false},\"male\":{\"%VALUE%\":33700,\"%REDACTED%\":false},\"unknown\":{\"%VALUE%\":500,\"%REDACTED%\":false}},\"%VALUE%\":103500,\"%REDACTED%\":false},\"18-24\":{\"dimension:fb.author.gender\":{\"female\":{\"%VALUE%\":63900,\"%REDACTED%\":false},\"male\":{\"%VALUE%\":31300,\"%REDACTED%\":false},\"unknown\":{\"%VALUE%\":300,\"%REDACTED%\":false}},\"%VALUE%\":95600,\"%REDACTED%\":false},\"45-54\":{\"dimension:fb.author.gender\":{\"female\":{\"%VALUE%\":60900,\"%REDACTED%\":false},\"male\":{\"%VALUE%\":27500,\"%REDACTED%\":false},\"unknown\":{\"%VALUE%\":400,\"%REDACTED%\":false}},\"%VALUE%\":88900,\"%REDACTED%\":false},\"55-64\":{\"dimension:fb.author.gender\":{\"female\":{\"%VALUE%\":42900,\"%REDACTED%\":false},\"male\":{\"%VALUE%\":16900,\"%REDACTED%\":false},\"unknown\":{\"%VALUE%\":300,\"%REDACTED%\":false}},\"%VALUE%\":60200,\"%REDACTED%\":false},\"65+\":{\"dimension:fb.author.gender\":{\"female\":{\"%VALUE%\":25400,\"%REDACTED%\":false},\"male\":{\"%VALUE%\":10600,\"%REDACTED%\":false},\"unknown\":{\"%VALUE%\":200,\"%REDACTED%\":false}},\"%VALUE%\":36400,\"%REDACTED%\":false}},\"%REDACTED%\":false,\"%VALUE%\":507000},\"measure:unique_authors\":{\"dimension:fb.author.age\":{\"25-34\":{\"dimension:fb.author.gender\":{\"female\":{\"%VALUE%\":74500,\"%REDACTED%\":false},\"male\":{\"%VALUE%\":40500,\"%REDACTED%\":false},\"unknown\":{\"%VALUE%\":500,\"%REDACTED%\":false}},\"%VALUE%\":116900,\"%REDACTED%\":false},\"35-44\":{\"dimension:fb.author.gender\":{\"female\":{\"%VALUE%\":69300,\"%REDACTED%\":false},\"male\":{\"%VALUE%\":33100,\"%REDACTED%\":false},\"unknown\":{\"%VALUE%\":400,\"%REDACTED%\":false}},\"%VALUE%\":101800,\"%REDACTED%\":false},\"18-24\":{\"dimension:fb.author.gender\":{\"female\":{\"%VALUE%\":62700,\"%REDACTED%\":false},\"male\":{\"%VALUE%\":31300,\"%REDACTED%\":false},\"unknown\":{\"%VALUE%\":300,\"%REDACTED%\":false}},\"%VALUE%\":93700,\"%REDACTED%\":false},\"45-54\":{\"dimension:fb.author.gender\":{\"female\":{\"%VALUE%\":60500,\"%REDACTED%\":false},\"male\":{\"%VALUE%\":26800,\"%REDACTED%\":false},\"unknown\":{\"%VALUE%\":400,\"%REDACTED%\":false}},\"%VALUE%\":88200,\"%REDACTED%\":false},\"55-64\":{\"dimension:fb.author.gender\":{\"female\":{\"%VALUE%\":40200,\"%REDACTED%\":false},\"male\":{\"%VALUE%\":16600,\"%REDACTED%\":false},\"unknown\":{\"%VALUE%\":300,\"%REDACTED%\":false}},\"%VALUE%\":56100,\"%REDACTED%\":false},\"65+\":{\"dimension:fb.author.gender\":{\"female\":{\"%VALUE%\":24500,\"%REDACTED%\":false},\"male\":{\"%VALUE%\":10100,\"%REDACTED%\":false},\"unknown\":{\"%VALUE%\":200,\"%REDACTED%\":false}},\"%VALUE%\":34200,\"%REDACTED%\":false}},\"%REDACTED%\":false,\"%VALUE%\":489200}}');
INSERT INTO `dataset`
(`id`, `brand_id`, `recording_id`, `name`, `dimensions`, `visibility`, `analysis_type`, `schedule`, `schedule_units`, `time_range`, `status`, `created_at`, `updated_at`, `last_refreshed`, `data`)
VALUES
  (2, 1, 2, 'US Sample, age, gender and topic name','fb.author.age,fb.author.gender,fb.topics.name','public', 'freqDist', 1, 'day', 'day', 'running', 1435701600, 1435701600, 1435701600, '{\"measure:interactions\":{\"dimension:fb.topics.name\":{\"Birthday\":{\"dimension:fb.author.age\":{\"35-44\":{\"dimension:fb.author.gender\":{\"female\":{\"%VALUE%\":5900,\"%REDACTED%\":false},\"male\":{\"%VALUE%\":3500,\"%REDACTED%\":false}},\"%VALUE%\":9500,\"%REDACTED%\":false},\"25-34\":{\"dimension:fb.author.gender\":{\"female\":{\"%VALUE%\":5900,\"%REDACTED%\":false},\"male\":{\"%VALUE%\":3300,\"%REDACTED%\":false}},\"%VALUE%\":9300,\"%REDACTED%\":false},\"45-54\":{\"dimension:fb.author.gender\":{\"female\":{\"%VALUE%\":5300,\"%REDACTED%\":false},\"male\":{\"%VALUE%\":2900,\"%REDACTED%\":false}},\"%VALUE%\":8300,\"%REDACTED%\":false},\"55-64\":{\"dimension:fb.author.gender\":{\"female\":{\"%VALUE%\":3200,\"%REDACTED%\":false},\"male\":{\"%VALUE%\":1400,\"%REDACTED%\":false}},\"%VALUE%\":4700,\"%REDACTED%\":false},\"18-24\":{\"dimension:fb.author.gender\":{\"female\":{\"%VALUE%\":2900,\"%REDACTED%\":false},\"male\":{\"%VALUE%\":1600,\"%REDACTED%\":false}},\"%VALUE%\":4600,\"%REDACTED%\":false},\"65+\":{\"dimension:fb.author.gender\":{\"female\":{\"%VALUE%\":1500,\"%REDACTED%\":false},\"male\":{\"%VALUE%\":700,\"%REDACTED%\":false}},\"%VALUE%\":2200,\"%REDACTED%\":false}},\"%VALUE%\":39000,\"%REDACTED%\":false},\"Day\":{\"dimension:fb.author.age\":{\"45-54\":{\"dimension:fb.author.gender\":{\"female\":{\"%VALUE%\":900,\"%REDACTED%\":false},\"male\":{\"%VALUE%\":300,\"%REDACTED%\":false}},\"%VALUE%\":1200,\"%REDACTED%\":false},\"35-44\":{\"dimension:fb.author.gender\":{\"female\":{\"%VALUE%\":700,\"%REDACTED%\":false},\"male\":{\"%VALUE%\":200,\"%REDACTED%\":false}},\"%VALUE%\":1000,\"%REDACTED%\":false},\"25-34\":{\"dimension:fb.author.gender\":{\"female\":{\"%VALUE%\":600,\"%REDACTED%\":false},\"male\":{\"%VALUE%\":100,\"%REDACTED%\":false}},\"%VALUE%\":700,\"%REDACTED%\":false},\"55-64\":{\"dimension:fb.author.gender\":{\"female\":{\"%VALUE%\":500,\"%REDACTED%\":false},\"male\":{\"%VALUE%\":100,\"%REDACTED%\":false}},\"%VALUE%\":700,\"%REDACTED%\":false},\"65+\":{\"dimension:fb.author.gender\":{\"female\":{\"%VALUE%\":300,\"%REDACTED%\":false},\"male\":{\"%VALUE%\":100,\"%REDACTED%\":false}},\"%VALUE%\":400,\"%REDACTED%\":false},\"18-24\":{\"dimension:fb.author.gender\":{\"female\":{\"%VALUE%\":300,\"%REDACTED%\":false}},\"%VALUE%\":400,\"%REDACTED%\":false}},\"%VALUE%\":4600,\"%REDACTED%\":false},\"Love\":{\"dimension:fb.author.age\":{\"25-34\":{\"dimension:fb.author.gender\":{\"female\":{\"%VALUE%\":600,\"%REDACTED%\":false},\"male\":{\"%VALUE%\":100,\"%REDACTED%\":false}},\"%VALUE%\":800,\"%REDACTED%\":false},\"18-24\":{\"dimension:fb.author.gender\":{\"female\":{\"%VALUE%\":400,\"%REDACTED%\":false},\"male\":{\"%VALUE%\":100,\"%REDACTED%\":false}},\"%VALUE%\":600,\"%REDACTED%\":false},\"35-44\":{\"dimension:fb.author.gender\":{\"female\":{\"%VALUE%\":500,\"%REDACTED%\":false},\"male\":{\"%VALUE%\":100,\"%REDACTED%\":false}},\"%VALUE%\":600,\"%REDACTED%\":false},\"45-54\":{\"dimension:fb.author.gender\":{\"female\":{\"%VALUE%\":400,\"%REDACTED%\":false}},\"%VALUE%\":400,\"%REDACTED%\":false},\"55-64\":{\"dimension:fb.author.gender\":{\"female\":{\"%VALUE%\":200,\"%REDACTED%\":false}},\"%VALUE%\":300,\"%REDACTED%\":false},\"65+\":{\"dimension:fb.author.gender\":{\"female\":{\"%VALUE%\":100,\"%REDACTED%\":false}},\"%VALUE%\":100,\"%REDACTED%\":false}},\"%VALUE%\":3000,\"%REDACTED%\":false},\"Friendship\":{\"dimension:fb.author.age\":{\"25-34\":{\"dimension:fb.author.gender\":{\"female\":{\"%VALUE%\":400,\"%REDACTED%\":false},\"male\":{\"%VALUE%\":100,\"%REDACTED%\":false}},\"%VALUE%\":500,\"%REDACTED%\":false},\"35-44\":{\"dimension:fb.author.gender\":{\"female\":{\"%VALUE%\":300,\"%REDACTED%\":false},\"male\":{\"%VALUE%\":100,\"%REDACTED%\":false}},\"%VALUE%\":500,\"%REDACTED%\":false},\"18-24\":{\"dimension:fb.author.gender\":{\"female\":{\"%VALUE%\":300,\"%REDACTED%\":false},\"male\":{\"%VALUE%\":100,\"%REDACTED%\":false}},\"%VALUE%\":500,\"%REDACTED%\":false},\"45-54\":{\"dimension:fb.author.gender\":{\"female\":{\"%VALUE%\":300,\"%REDACTED%\":false},\"male\":{\"%VALUE%\":100,\"%REDACTED%\":false}},\"%VALUE%\":400,\"%REDACTED%\":false},\"55-64\":{\"dimension:fb.author.gender\":{\"female\":{\"%VALUE%\":200,\"%REDACTED%\":false}},\"%VALUE%\":200,\"%REDACTED%\":false},\"65+\":{\"dimension:fb.author.gender\":{\"female\":{\"%VALUE%\":100,\"%REDACTED%\":false}},\"%VALUE%\":100,\"%REDACTED%\":false}},\"%VALUE%\":2400,\"%REDACTED%\":false},\"Barack Obama\":{\"dimension:fb.author.age\":{\"55-64\":{\"dimension:fb.author.gender\":{\"male\":{\"%VALUE%\":200,\"%REDACTED%\":false},\"female\":{\"%VALUE%\":200,\"%REDACTED%\":false}},\"%VALUE%\":400,\"%REDACTED%\":false},\"65+\":{\"dimension:fb.author.gender\":{\"male\":{\"%VALUE%\":200,\"%REDACTED%\":false},\"female\":{\"%VALUE%\":100,\"%REDACTED%\":false}},\"%VALUE%\":400,\"%REDACTED%\":false},\"45-54\":{\"dimension:fb.author.gender\":{\"male\":{\"%VALUE%\":200,\"%REDACTED%\":false},\"female\":{\"%VALUE%\":100,\"%REDACTED%\":false}},\"%VALUE%\":300,\"%REDACTED%\":false},\"35-44\":{\"dimension:fb.author.gender\":{\"male\":{\"%VALUE%\":100,\"%REDACTED%\":false}},\"%VALUE%\":200,\"%REDACTED%\":false},\"25-34\":{\"dimension:fb.author.gender\":{\"male\":{\"%VALUE%\":100,\"%REDACTED%\":false}},\"%VALUE%\":100,\"%REDACTED%\":false}},\"%VALUE%\":1700,\"%REDACTED%\":false},\"Sister\":{\"dimension:fb.author.age\":{\"25-34\":{\"dimension:fb.author.gender\":{\"female\":{\"%VALUE%\":300,\"%REDACTED%\":false},\"male\":{\"%VALUE%\":100,\"%REDACTED%\":false}},\"%VALUE%\":400,\"%REDACTED%\":false},\"18-24\":{\"dimension:fb.author.gender\":{\"female\":{\"%VALUE%\":200,\"%REDACTED%\":false}},\"%VALUE%\":300,\"%REDACTED%\":false},\"35-44\":{\"dimension:fb.author.gender\":{\"female\":{\"%VALUE%\":200,\"%REDACTED%\":false},\"male\":{\"%VALUE%\":100,\"%REDACTED%\":false}},\"%VALUE%\":300,\"%REDACTED%\":false},\"45-54\":{\"dimension:fb.author.gender\":{\"female\":{\"%VALUE%\":100,\"%REDACTED%\":false}},\"%VALUE%\":200,\"%REDACTED%\":false},\"55-64\":{\"dimension:fb.author.gender\":{\"female\":{\"%VALUE%\":100,\"%REDACTED%\":false}},\"%VALUE%\":100,\"%REDACTED%\":false}},\"%VALUE%\":1600,\"%REDACTED%\":false},\"Photograph\":{\"dimension:fb.author.age\":{\"45-54\":{\"dimension:fb.author.gender\":{\"female\":{\"%VALUE%\":200,\"%REDACTED%\":false},\"male\":{\"%VALUE%\":100,\"%REDACTED%\":false}},\"%VALUE%\":300,\"%REDACTED%\":false},\"55-64\":{\"dimension:fb.author.gender\":{\"female\":{\"%VALUE%\":100,\"%REDACTED%\":false}},\"%VALUE%\":200,\"%REDACTED%\":false},\"25-34\":{\"dimension:fb.author.gender\":{\"female\":{\"%VALUE%\":100,\"%REDACTED%\":false}},\"%VALUE%\":200,\"%REDACTED%\":false},\"35-44\":{\"dimension:fb.author.gender\":{\"female\":{\"%VALUE%\":100,\"%REDACTED%\":false}},\"%VALUE%\":200,\"%REDACTED%\":false},\"65+\":{\"dimension:fb.author.gender\":{\"female\":{\"%VALUE%\":100,\"%REDACTED%\":false}},\"%VALUE%\":100,\"%REDACTED%\":false},\"18-24\":{\"dimension:fb.author.gender\":[],\"%VALUE%\":100,\"%REDACTED%\":false}},\"%VALUE%\":1400,\"%REDACTED%\":false},\"Facebook\":{\"dimension:fb.author.age\":{\"25-34\":{\"dimension:fb.author.gender\":{\"female\":{\"%VALUE%\":200,\"%REDACTED%\":false},\"male\":{\"%VALUE%\":100,\"%REDACTED%\":false}},\"%VALUE%\":300,\"%REDACTED%\":false},\"18-24\":{\"dimension:fb.author.gender\":{\"female\":{\"%VALUE%\":100,\"%REDACTED%\":false},\"male\":{\"%VALUE%\":100,\"%REDACTED%\":false}},\"%VALUE%\":200,\"%REDACTED%\":false},\"35-44\":{\"dimension:fb.author.gender\":{\"female\":{\"%VALUE%\":100,\"%REDACTED%\":false},\"male\":{\"%VALUE%\":100,\"%REDACTED%\":false}},\"%VALUE%\":200,\"%REDACTED%\":false},\"45-54\":{\"dimension:fb.author.gender\":{\"female\":{\"%VALUE%\":100,\"%REDACTED%\":false}},\"%VALUE%\":200,\"%REDACTED%\":false},\"55-64\":{\"dimension:fb.author.gender\":{\"female\":{\"%VALUE%\":100,\"%REDACTED%\":false}},\"%VALUE%\":100,\"%REDACTED%\":false},\"65+\":{\"dimension:fb.author.gender\":[],\"%VALUE%\":100,\"%REDACTED%\":false}},\"%VALUE%\":1400,\"%REDACTED%\":false},\"Life\":{\"dimension:fb.author.age\":{\"25-34\":{\"dimension:fb.author.gender\":{\"female\":{\"%VALUE%\":200,\"%REDACTED%\":false},\"male\":{\"%VALUE%\":100,\"%REDACTED%\":false}},\"%VALUE%\":400,\"%REDACTED%\":false},\"18-24\":{\"dimension:fb.author.gender\":{\"female\":{\"%VALUE%\":200,\"%REDACTED%\":false}},\"%VALUE%\":300,\"%REDACTED%\":false},\"35-44\":{\"dimension:fb.author.gender\":{\"female\":{\"%VALUE%\":100,\"%REDACTED%\":false}},\"%VALUE%\":200,\"%REDACTED%\":false},\"45-54\":{\"dimension:fb.author.gender\":{\"female\":{\"%VALUE%\":100,\"%REDACTED%\":false}},\"%VALUE%\":100,\"%REDACTED%\":false},\"55-64\":{\"dimension:fb.author.gender\":[],\"%VALUE%\":100,\"%REDACTED%\":false}},\"%VALUE%\":1400,\"%REDACTED%\":false},\"Instagram\":{\"dimension:fb.author.age\":{\"25-34\":{\"dimension:fb.author.gender\":{\"female\":{\"%VALUE%\":200,\"%REDACTED%\":false},\"male\":{\"%VALUE%\":100,\"%REDACTED%\":false}},\"%VALUE%\":400,\"%REDACTED%\":false},\"35-44\":{\"dimension:fb.author.gender\":{\"female\":{\"%VALUE%\":100,\"%REDACTED%\":false},\"male\":{\"%VALUE%\":100,\"%REDACTED%\":false}},\"%VALUE%\":300,\"%REDACTED%\":false},\"18-24\":{\"dimension:fb.author.gender\":{\"female\":{\"%VALUE%\":100,\"%REDACTED%\":false}},\"%VALUE%\":200,\"%REDACTED%\":false},\"45-54\":{\"dimension:fb.author.gender\":{\"female\":{\"%VALUE%\":100,\"%REDACTED%\":false}},\"%VALUE%\":100,\"%REDACTED%\":false},\"55-64\":{\"dimension:fb.author.gender\":[],\"%VALUE%\":100,\"%REDACTED%\":false}},\"%VALUE%\":1300,\"%REDACTED%\":false},\"Gratitude\":{\"dimension:fb.author.age\":{\"25-34\":{\"dimension:fb.author.gender\":{\"female\":{\"%VALUE%\":200,\"%REDACTED%\":false},\"male\":{\"%VALUE%\":100,\"%REDACTED%\":false}},\"%VALUE%\":300,\"%REDACTED%\":false},\"35-44\":{\"dimension:fb.author.gender\":{\"female\":{\"%VALUE%\":200,\"%REDACTED%\":false}},\"%VALUE%\":200,\"%REDACTED%\":false},\"45-54\":{\"dimension:fb.author.gender\":{\"female\":{\"%VALUE%\":100,\"%REDACTED%\":false}},\"%VALUE%\":200,\"%REDACTED%\":false},\"18-24\":{\"dimension:fb.author.gender\":{\"female\":{\"%VALUE%\":100,\"%REDACTED%\":false}},\"%VALUE%\":100,\"%REDACTED%\":false},\"55-64\":{\"dimension:fb.author.gender\":[],\"%VALUE%\":100,\"%REDACTED%\":false}},\"%VALUE%\":1200,\"%REDACTED%\":false},\"Iran\":{\"dimension:fb.author.age\":{\"55-64\":{\"dimension:fb.author.gender\":{\"male\":{\"%VALUE%\":100,\"%REDACTED%\":false},\"female\":{\"%VALUE%\":100,\"%REDACTED%\":false}},\"%VALUE%\":300,\"%REDACTED%\":false},\"65+\":{\"dimension:fb.author.gender\":{\"female\":{\"%VALUE%\":100,\"%REDACTED%\":false},\"male\":{\"%VALUE%\":100,\"%REDACTED%\":false}},\"%VALUE%\":300,\"%REDACTED%\":false},\"45-54\":{\"dimension:fb.author.gender\":{\"male\":{\"%VALUE%\":100,\"%REDACTED%\":false}},\"%VALUE%\":200,\"%REDACTED%\":false},\"35-44\":{\"dimension:fb.author.gender\":{\"male\":{\"%VALUE%\":100,\"%REDACTED%\":false}},\"%VALUE%\":100,\"%REDACTED%\":false}},\"%VALUE%\":1100,\"%REDACTED%\":false},\"Family\":{\"dimension:fb.author.age\":{\"35-44\":{\"dimension:fb.author.gender\":{\"female\":{\"%VALUE%\":200,\"%REDACTED%\":false}},\"%VALUE%\":200,\"%REDACTED%\":false},\"25-34\":{\"dimension:fb.author.gender\":{\"female\":{\"%VALUE%\":100,\"%REDACTED%\":false}},\"%VALUE%\":200,\"%REDACTED%\":false},\"45-54\":{\"dimension:fb.author.gender\":{\"female\":{\"%VALUE%\":100,\"%REDACTED%\":false}},\"%VALUE%\":100,\"%REDACTED%\":false},\"55-64\":{\"dimension:fb.author.gender\":{\"female\":{\"%VALUE%\":100,\"%REDACTED%\":false}},\"%VALUE%\":100,\"%REDACTED%\":false},\"18-24\":{\"dimension:fb.author.gender\":{\"female\":{\"%VALUE%\":100,\"%REDACTED%\":false}},\"%VALUE%\":100,\"%REDACTED%\":false}},\"%VALUE%\":1000,\"%REDACTED%\":false},\"God\":{\"dimension:fb.author.age\":{\"35-44\":{\"dimension:fb.author.gender\":{\"female\":{\"%VALUE%\":100,\"%REDACTED%\":false}},\"%VALUE%\":200,\"%REDACTED%\":false},\"45-54\":{\"dimension:fb.author.gender\":{\"female\":{\"%VALUE%\":100,\"%REDACTED%\":false}},\"%VALUE%\":200,\"%REDACTED%\":false},\"25-34\":{\"dimension:fb.author.gender\":{\"female\":{\"%VALUE%\":100,\"%REDACTED%\":false}},\"%VALUE%\":100,\"%REDACTED%\":false},\"55-64\":{\"dimension:fb.author.gender\":{\"female\":{\"%VALUE%\":100,\"%REDACTED%\":false}},\"%VALUE%\":100,\"%REDACTED%\":false},\"18-24\":{\"dimension:fb.author.gender\":[],\"%VALUE%\":100,\"%REDACTED%\":false},\"65+\":{\"dimension:fb.author.gender\":[],\"%VALUE%\":100,\"%REDACTED%\":false}},\"%VALUE%\":1000,\"%REDACTED%\":false},\"Mother\":{\"dimension:fb.author.age\":{\"25-34\":{\"dimension:fb.author.gender\":{\"female\":{\"%VALUE%\":200,\"%REDACTED%\":false}},\"%VALUE%\":200,\"%REDACTED%\":false},\"18-24\":{\"dimension:fb.author.gender\":{\"female\":{\"%VALUE%\":100,\"%REDACTED%\":false}},\"%VALUE%\":200,\"%REDACTED%\":false},\"35-44\":{\"dimension:fb.author.gender\":{\"female\":{\"%VALUE%\":100,\"%REDACTED%\":false}},\"%VALUE%\":100,\"%REDACTED%\":false},\"45-54\":{\"dimension:fb.author.gender\":[],\"%VALUE%\":100,\"%REDACTED%\":false}},\"%VALUE%\":900,\"%REDACTED%\":false},\"Happiness\":{\"dimension:fb.author.age\":{\"35-44\":{\"dimension:fb.author.gender\":{\"female\":{\"%VALUE%\":100,\"%REDACTED%\":false}},\"%VALUE%\":200,\"%REDACTED%\":false},\"25-34\":{\"dimension:fb.author.gender\":{\"female\":{\"%VALUE%\":100,\"%REDACTED%\":false}},\"%VALUE%\":200,\"%REDACTED%\":false},\"45-54\":{\"dimension:fb.author.gender\":{\"female\":{\"%VALUE%\":100,\"%REDACTED%\":false}},\"%VALUE%\":100,\"%REDACTED%\":false},\"55-64\":{\"dimension:fb.author.gender\":{\"female\":{\"%VALUE%\":100,\"%REDACTED%\":false}},\"%VALUE%\":100,\"%REDACTED%\":false}},\"%VALUE%\":800,\"%REDACTED%\":false},\"United States\":{\"dimension:fb.author.age\":{\"45-54\":{\"dimension:fb.author.gender\":{\"female\":{\"%VALUE%\":100,\"%REDACTED%\":false}},\"%VALUE%\":100,\"%REDACTED%\":false},\"55-64\":{\"dimension:fb.author.gender\":[],\"%VALUE%\":100,\"%REDACTED%\":false},\"35-44\":{\"dimension:fb.author.gender\":[],\"%VALUE%\":100,\"%REDACTED%\":false},\"65+\":{\"dimension:fb.author.gender\":[],\"%VALUE%\":100,\"%REDACTED%\":false},\"25-34\":{\"dimension:fb.author.gender\":[],\"%VALUE%\":100,\"%REDACTED%\":false}},\"%VALUE%\":800,\"%REDACTED%\":false},\"Donald Trump\":{\"dimension:fb.author.age\":{\"55-64\":{\"dimension:fb.author.gender\":{\"male\":{\"%VALUE%\":100,\"%REDACTED%\":false}},\"%VALUE%\":100,\"%REDACTED%\":false},\"65+\":{\"dimension:fb.author.gender\":[],\"%VALUE%\":100,\"%REDACTED%\":false},\"45-54\":{\"dimension:fb.author.gender\":[],\"%VALUE%\":100,\"%REDACTED%\":false},\"35-44\":{\"dimension:fb.author.gender\":[],\"%VALUE%\":100,\"%REDACTED%\":false}},\"%VALUE%\":800,\"%REDACTED%\":false},\"Planned Parenthood\":{\"dimension:fb.author.age\":{\"55-64\":{\"dimension:fb.author.gender\":{\"female\":{\"%VALUE%\":100,\"%REDACTED%\":false}},\"%VALUE%\":100,\"%REDACTED%\":false},\"65+\":{\"dimension:fb.author.gender\":{\"female\":{\"%VALUE%\":100,\"%REDACTED%\":false}},\"%VALUE%\":100,\"%REDACTED%\":false},\"45-54\":{\"dimension:fb.author.gender\":[],\"%VALUE%\":100,\"%REDACTED%\":false},\"35-44\":{\"dimension:fb.author.gender\":[],\"%VALUE%\":100,\"%REDACTED%\":false}},\"%VALUE%\":700,\"%REDACTED%\":false},\"Children\":{\"dimension:fb.author.age\":{\"25-34\":{\"dimension:fb.author.gender\":{\"female\":{\"%VALUE%\":100,\"%REDACTED%\":false}},\"%VALUE%\":200,\"%REDACTED%\":false},\"35-44\":{\"dimension:fb.author.gender\":{\"female\":{\"%VALUE%\":100,\"%REDACTED%\":false}},\"%VALUE%\":100,\"%REDACTED%\":false},\"18-24\":{\"dimension:fb.author.gender\":[],\"%VALUE%\":100,\"%REDACTED%\":false},\"45-54\":{\"dimension:fb.author.gender\":[],\"%VALUE%\":100,\"%REDACTED%\":false}},\"%VALUE%\":700,\"%REDACTED%\":false},\"Texas\":{\"dimension:fb.author.age\":{\"35-44\":{\"dimension:fb.author.gender\":[],\"%VALUE%\":100,\"%REDACTED%\":false},\"25-34\":{\"dimension:fb.author.gender\":[],\"%VALUE%\":100,\"%REDACTED%\":false},\"45-54\":{\"dimension:fb.author.gender\":[],\"%VALUE%\":100,\"%REDACTED%\":false},\"55-64\":{\"dimension:fb.author.gender\":[],\"%VALUE%\":100,\"%REDACTED%\":false}},\"%VALUE%\":600,\"%REDACTED%\":false},\"Countries\":{\"dimension:fb.author.age\":{\"25-34\":{\"dimension:fb.author.gender\":[],\"%VALUE%\":100,\"%REDACTED%\":false},\"35-44\":{\"dimension:fb.author.gender\":[],\"%VALUE%\":100,\"%REDACTED%\":false},\"55-64\":{\"dimension:fb.author.gender\":[],\"%VALUE%\":100,\"%REDACTED%\":false},\"45-54\":{\"dimension:fb.author.gender\":[],\"%VALUE%\":100,\"%REDACTED%\":false}},\"%VALUE%\":600,\"%REDACTED%\":false},\"Music Videos\":{\"dimension:fb.author.age\":{\"25-34\":{\"dimension:fb.author.gender\":{\"male\":{\"%VALUE%\":100,\"%REDACTED%\":false}},\"%VALUE%\":200,\"%REDACTED%\":false},\"35-44\":{\"dimension:fb.author.gender\":[],\"%VALUE%\":100,\"%REDACTED%\":false},\"18-24\":{\"dimension:fb.author.gender\":[],\"%VALUE%\":100,\"%REDACTED%\":false},\"45-54\":{\"dimension:fb.author.gender\":[],\"%VALUE%\":100,\"%REDACTED%\":false}},\"%VALUE%\":600,\"%REDACTED%\":false},\"iOS\":{\"dimension:fb.author.age\":{\"45-54\":{\"dimension:fb.author.gender\":{\"female\":{\"%VALUE%\":100,\"%REDACTED%\":false}},\"%VALUE%\":100,\"%REDACTED%\":false},\"55-64\":{\"dimension:fb.author.gender\":[],\"%VALUE%\":100,\"%REDACTED%\":false},\"35-44\":{\"dimension:fb.author.gender\":[],\"%VALUE%\":100,\"%REDACTED%\":false},\"25-34\":{\"dimension:fb.author.gender\":[],\"%VALUE%\":100,\"%REDACTED%\":false}},\"%VALUE%\":600,\"%REDACTED%\":false},\"Mexico\":{\"dimension:fb.author.age\":{\"18-24\":{\"dimension:fb.author.gender\":[],\"%VALUE%\":100,\"%REDACTED%\":false},\"25-34\":{\"dimension:fb.author.gender\":{\"male\":{\"%VALUE%\":100,\"%REDACTED%\":false}},\"%VALUE%\":100,\"%REDACTED%\":false},\"35-44\":{\"dimension:fb.author.gender\":[],\"%VALUE%\":100,\"%REDACTED%\":false}},\"%VALUE%\":600,\"%REDACTED%\":false},\"Dogs\":{\"dimension:fb.author.age\":{\"55-64\":{\"dimension:fb.author.gender\":{\"female\":{\"%VALUE%\":100,\"%REDACTED%\":false}},\"%VALUE%\":100,\"%REDACTED%\":false},\"45-54\":{\"dimension:fb.author.gender\":[],\"%VALUE%\":100,\"%REDACTED%\":false},\"35-44\":{\"dimension:fb.author.gender\":[],\"%VALUE%\":100,\"%REDACTED%\":false}},\"%VALUE%\":500,\"%REDACTED%\":false},\"Community\":{\"dimension:fb.author.age\":{\"45-54\":{\"dimension:fb.author.gender\":[],\"%VALUE%\":100,\"%REDACTED%\":false},\"35-44\":{\"dimension:fb.author.gender\":[],\"%VALUE%\":100,\"%REDACTED%\":false},\"55-64\":{\"dimension:fb.author.gender\":[],\"%VALUE%\":100,\"%REDACTED%\":false}},\"%VALUE%\":500,\"%REDACTED%\":false},\"Social movement\":{\"dimension:fb.author.age\":{\"45-54\":{\"dimension:fb.author.gender\":[],\"%VALUE%\":100,\"%REDACTED%\":false},\"35-44\":{\"dimension:fb.author.gender\":[],\"%VALUE%\":100,\"%REDACTED%\":false},\"55-64\":{\"dimension:fb.author.gender\":[],\"%VALUE%\":100,\"%REDACTED%\":false}},\"%VALUE%\":500,\"%REDACTED%\":false},\"Green politics\":{\"dimension:fb.author.age\":{\"45-54\":{\"dimension:fb.author.gender\":[],\"%VALUE%\":100,\"%REDACTED%\":false},\"35-44\":{\"dimension:fb.author.gender\":[],\"%VALUE%\":100,\"%REDACTED%\":false},\"55-64\":{\"dimension:fb.author.gender\":[],\"%VALUE%\":100,\"%REDACTED%\":false}},\"%VALUE%\":500,\"%REDACTED%\":false},\"Jesus Christ\":{\"dimension:fb.author.age\":{\"45-54\":{\"dimension:fb.author.gender\":[],\"%VALUE%\":100,\"%REDACTED%\":false},\"35-44\":{\"dimension:fb.author.gender\":[],\"%VALUE%\":100,\"%REDACTED%\":false},\"55-64\":{\"dimension:fb.author.gender\":[],\"%VALUE%\":100,\"%REDACTED%\":false}},\"%VALUE%\":500,\"%REDACTED%\":false},\"ESPY Award\":{\"dimension:fb.author.age\":{\"25-34\":{\"dimension:fb.author.gender\":[],\"%VALUE%\":100,\"%REDACTED%\":false},\"35-44\":{\"dimension:fb.author.gender\":[],\"%VALUE%\":100,\"%REDACTED%\":false}},\"%VALUE%\":500,\"%REDACTED%\":false},\"Republican Party\":{\"dimension:fb.author.age\":{\"65+\":{\"dimension:fb.author.gender\":[],\"%VALUE%\":100,\"%REDACTED%\":false},\"55-64\":{\"dimension:fb.author.gender\":[],\"%VALUE%\":100,\"%REDACTED%\":false}},\"%VALUE%\":500,\"%REDACTED%\":false},\"Twitter\":{\"dimension:fb.author.age\":{\"25-34\":{\"dimension:fb.author.gender\":[],\"%VALUE%\":100,\"%REDACTED%\":false},\"18-24\":{\"dimension:fb.author.gender\":[],\"%VALUE%\":100,\"%REDACTED%\":false}},\"%VALUE%\":400,\"%REDACTED%\":false},\"People\":{\"dimension:fb.author.age\":{\"25-34\":{\"dimension:fb.author.gender\":[],\"%VALUE%\":100,\"%REDACTED%\":false},\"35-44\":{\"dimension:fb.author.gender\":[],\"%VALUE%\":100,\"%REDACTED%\":false},\"18-24\":{\"dimension:fb.author.gender\":[],\"%VALUE%\":100,\"%REDACTED%\":false}},\"%VALUE%\":400,\"%REDACTED%\":false},\"Amazon.com\":{\"dimension:fb.author.age\":{\"25-34\":{\"dimension:fb.author.gender\":{\"female\":{\"%VALUE%\":100,\"%REDACTED%\":false}},\"%VALUE%\":100,\"%REDACTED%\":false},\"35-44\":{\"dimension:fb.author.gender\":[],\"%VALUE%\":100,\"%REDACTED%\":false}},\"%VALUE%\":400,\"%REDACTED%\":false},\"Traveling\":{\"dimension:fb.author.age\":{\"25-34\":{\"dimension:fb.author.gender\":[],\"%VALUE%\":100,\"%REDACTED%\":false},\"35-44\":{\"dimension:fb.author.gender\":[],\"%VALUE%\":100,\"%REDACTED%\":false}},\"%VALUE%\":400,\"%REDACTED%\":false},\"President of the United States\":{\"dimension:fb.author.age\":{\"65+\":{\"dimension:fb.author.gender\":[],\"%VALUE%\":100,\"%REDACTED%\":false},\"55-64\":{\"dimension:fb.author.gender\":[],\"%VALUE%\":100,\"%REDACTED%\":false}},\"%VALUE%\":400,\"%REDACTED%\":false},\"Florida\":{\"dimension:fb.author.age\":{\"35-44\":{\"dimension:fb.author.gender\":[],\"%VALUE%\":100,\"%REDACTED%\":false}},\"%VALUE%\":400,\"%REDACTED%\":false},\"Morning\":{\"dimension:fb.author.age\":{\"25-34\":{\"dimension:fb.author.gender\":{\"female\":{\"%VALUE%\":100,\"%REDACTED%\":false}},\"%VALUE%\":100,\"%REDACTED%\":false}},\"%VALUE%\":400,\"%REDACTED%\":false},\"Eating\":{\"dimension:fb.author.age\":{\"25-34\":{\"dimension:fb.author.gender\":[],\"%VALUE%\":100,\"%REDACTED%\":false}},\"%VALUE%\":400,\"%REDACTED%\":false},\"Emotion\":{\"dimension:fb.author.age\":{\"25-34\":{\"dimension:fb.author.gender\":{\"female\":{\"%VALUE%\":100,\"%REDACTED%\":false}},\"%VALUE%\":100,\"%REDACTED%\":false},\"18-24\":{\"dimension:fb.author.gender\":[],\"%VALUE%\":100,\"%REDACTED%\":false}},\"%VALUE%\":400,\"%REDACTED%\":false},\"Pictures\":{\"dimension:fb.author.age\":[],\"%VALUE%\":400,\"%REDACTED%\":false},\"Cars\":{\"dimension:fb.author.age\":{\"25-34\":{\"dimension:fb.author.gender\":[],\"%VALUE%\":100,\"%REDACTED%\":false}},\"%VALUE%\":400,\"%REDACTED%\":false},\"Food\":{\"dimension:fb.author.age\":{\"25-34\":{\"dimension:fb.author.gender\":[],\"%VALUE%\":100,\"%REDACTED%\":false}},\"%VALUE%\":400,\"%REDACTED%\":false},\"Cats\":{\"dimension:fb.author.age\":[],\"%VALUE%\":300,\"%REDACTED%\":false},\"Sleeping\":{\"dimension:fb.author.age\":{\"18-24\":{\"dimension:fb.author.gender\":{\"female\":{\"%VALUE%\":100,\"%REDACTED%\":false}},\"%VALUE%\":100,\"%REDACTED%\":false},\"25-34\":{\"dimension:fb.author.gender\":{\"female\":{\"%VALUE%\":100,\"%REDACTED%\":false}},\"%VALUE%\":100,\"%REDACTED%\":false}},\"%VALUE%\":300,\"%REDACTED%\":false},\"Animals\":{\"dimension:fb.author.age\":[],\"%VALUE%\":300,\"%REDACTED%\":false},\"Christianity\":{\"dimension:fb.author.age\":[],\"%VALUE%\":300,\"%REDACTED%\":false},\"Loneliness\":{\"dimension:fb.author.age\":{\"18-24\":{\"dimension:fb.author.gender\":{\"female\":{\"%VALUE%\":100,\"%REDACTED%\":false}},\"%VALUE%\":100,\"%REDACTED%\":false}},\"%VALUE%\":300,\"%REDACTED%\":false},\"Wednesday\":{\"dimension:fb.author.age\":[],\"%VALUE%\":300,\"%REDACTED%\":false},\"Father\":{\"dimension:fb.author.age\":[],\"%VALUE%\":300,\"%REDACTED%\":false},\"Dinner\":{\"dimension:fb.author.age\":{\"35-44\":{\"dimension:fb.author.gender\":[],\"%VALUE%\":100,\"%REDACTED%\":false}},\"%VALUE%\":300,\"%REDACTED%\":false},\"Texting\":{\"dimension:fb.author.age\":{\"18-24\":{\"dimension:fb.author.gender\":{\"female\":{\"%VALUE%\":100,\"%REDACTED%\":false}},\"%VALUE%\":100,\"%REDACTED%\":false}},\"%VALUE%\":300,\"%REDACTED%\":false},\"Estado\":{\"dimension:fb.author.age\":[],\"%VALUE%\":300,\"%REDACTED%\":false},\"California\":{\"dimension:fb.author.age\":[],\"%VALUE%\":300,\"%REDACTED%\":false},\"Abortion\":{\"dimension:fb.author.age\":[],\"%VALUE%\":300,\"%REDACTED%\":false},\"LMFAO\":{\"dimension:fb.author.age\":{\"18-24\":{\"dimension:fb.author.gender\":[],\"%VALUE%\":100,\"%REDACTED%\":false},\"25-34\":{\"dimension:fb.author.gender\":[],\"%VALUE%\":100,\"%REDACTED%\":false}},\"%VALUE%\":300,\"%REDACTED%\":false},\"Pets\":{\"dimension:fb.author.age\":{\"45-54\":{\"dimension:fb.author.gender\":[],\"%VALUE%\":100,\"%REDACTED%\":false}},\"%VALUE%\":300,\"%REDACTED%\":false},\"Wife\":{\"dimension:fb.author.age\":[],\"%VALUE%\":300,\"%REDACTED%\":false},\"Chicken\":{\"dimension:fb.author.age\":[],\"%VALUE%\":300,\"%REDACTED%\":false},\"Album\":{\"dimension:fb.author.age\":[],\"%VALUE%\":300,\"%REDACTED%\":false},\"Bible\":{\"dimension:fb.author.age\":[],\"%VALUE%\":300,\"%REDACTED%\":false},\"Photography\":{\"dimension:fb.author.age\":[],\"%VALUE%\":300,\"%REDACTED%\":false},\"Caitlyn Jenner\":{\"dimension:fb.author.age\":{\"25-34\":{\"dimension:fb.author.gender\":[],\"%VALUE%\":100,\"%REDACTED%\":false}},\"%VALUE%\":300,\"%REDACTED%\":false},\"Pluto\":{\"dimension:fb.author.age\":[],\"%VALUE%\":300,\"%REDACTED%\":false},\"YouTube\":{\"dimension:fb.author.age\":[],\"%VALUE%\":300,\"%REDACTED%\":false},\"Dallas Cowboys\":{\"dimension:fb.author.age\":{\"25-34\":{\"dimension:fb.author.gender\":[],\"%VALUE%\":100,\"%REDACTED%\":false}},\"%VALUE%\":300,\"%REDACTED%\":false},\"Praying\":{\"dimension:fb.author.age\":[],\"%VALUE%\":200,\"%REDACTED%\":false},\"Baby Ghosts\":{\"dimension:fb.author.age\":[],\"%VALUE%\":200,\"%REDACTED%\":false},\"Movies!\":{\"dimension:fb.author.age\":[],\"%VALUE%\":200,\"%REDACTED%\":false},\"Soul\":{\"dimension:fb.author.age\":[],\"%VALUE%\":200,\"%REDACTED%\":false},\"Cancer\":{\"dimension:fb.author.age\":[],\"%VALUE%\":200,\"%REDACTED%\":false},\"Girls\":{\"dimension:fb.author.age\":[],\"%VALUE%\":200,\"%REDACTED%\":false},\"Hair\":{\"dimension:fb.author.age\":{\"18-24\":{\"dimension:fb.author.gender\":[],\"%VALUE%\":100,\"%REDACTED%\":false}},\"%VALUE%\":200,\"%REDACTED%\":false},\"Chicago, Illinois\":{\"dimension:fb.author.age\":[],\"%VALUE%\":200,\"%REDACTED%\":false},\"Lunch\":{\"dimension:fb.author.age\":[],\"%VALUE%\":200,\"%REDACTED%\":false},\"Confederate States of America\":{\"dimension:fb.author.age\":[],\"%VALUE%\":200,\"%REDACTED%\":false},\"Atlanta, Georgia\":{\"dimension:fb.author.age\":[],\"%VALUE%\":200,\"%REDACTED%\":false},\"Boredom\":{\"dimension:fb.author.age\":{\"18-24\":{\"dimension:fb.author.gender\":{\"female\":{\"%VALUE%\":100,\"%REDACTED%\":false}},\"%VALUE%\":100,\"%REDACTED%\":false}},\"%VALUE%\":200,\"%REDACTED%\":false},\"Houses\":{\"dimension:fb.author.age\":[],\"%VALUE%\":200,\"%REDACTED%\":false},\"Time\":{\"dimension:fb.author.age\":[],\"%VALUE%\":200,\"%REDACTED%\":false},\"Beer\":{\"dimension:fb.author.age\":[],\"%VALUE%\":200,\"%REDACTED%\":false},\"Cheese\":{\"dimension:fb.author.age\":[],\"%VALUE%\":200,\"%REDACTED%\":false},\"Health\":{\"dimension:fb.author.age\":[],\"%VALUE%\":200,\"%REDACTED%\":false},\"Walmart\":{\"dimension:fb.author.age\":[],\"%VALUE%\":200,\"%REDACTED%\":false},\"Dez Bryant\":{\"dimension:fb.author.age\":[],\"%VALUE%\":200,\"%REDACTED%\":false},\"United States Congress\":{\"dimension:fb.author.age\":[],\"%VALUE%\":200,\"%REDACTED%\":false},\"Meme\":{\"dimension:fb.author.age\":[],\"%VALUE%\":200,\"%REDACTED%\":false},\"Cake\":{\"dimension:fb.author.age\":[],\"%VALUE%\":200,\"%REDACTED%\":false},\"LOL\":{\"dimension:fb.author.age\":[],\"%VALUE%\":200,\"%REDACTED%\":false},\"Israel\":{\"dimension:fb.author.age\":[],\"%VALUE%\":200,\"%REDACTED%\":false},\"Joaquin \\\"Chapo\\\" Guzman\":{\"dimension:fb.author.age\":[],\"%VALUE%\":200,\"%REDACTED%\":false},\"Police\":{\"dimension:fb.author.age\":[],\"%VALUE%\":200,\"%REDACTED%\":false},\"Sales\":{\"dimension:fb.author.age\":[],\"%VALUE%\":200,\"%REDACTED%\":false},\"New York, New York\":{\"dimension:fb.author.age\":[],\"%VALUE%\":200,\"%REDACTED%\":false},\"NASA - National Aeronautics and Space Administration\":{\"dimension:fb.author.age\":[],\"%VALUE%\":200,\"%REDACTED%\":false},\"Women\":{\"dimension:fb.author.age\":[],\"%VALUE%\":200,\"%REDACTED%\":false},\"Internet\":{\"dimension:fb.author.age\":[],\"%VALUE%\":200,\"%REDACTED%\":false},\"Democratic Party\":{\"dimension:fb.author.age\":[],\"%VALUE%\":200,\"%REDACTED%\":false},\"New Horizons\":{\"dimension:fb.author.age\":[],\"%VALUE%\":200,\"%REDACTED%\":false}},\"%REDACTED%\":false,\"%VALUE%\":507000},\"measure:unique_authors\":{\"dimension:fb.topics.name\":{\"Birthday\":{\"dimension:fb.author.age\":{\"35-44\":{\"dimension:fb.author.gender\":{\"female\":{\"%VALUE%\":5900,\"%REDACTED%\":false},\"male\":{\"%VALUE%\":3400,\"%REDACTED%\":false}},\"%VALUE%\":9100,\"%REDACTED%\":false},\"25-34\":{\"dimension:fb.author.gender\":{\"female\":{\"%VALUE%\":5900,\"%REDACTED%\":false},\"male\":{\"%VALUE%\":3300,\"%REDACTED%\":false}},\"%VALUE%\":9300,\"%REDACTED%\":false},\"45-54\":{\"dimension:fb.author.gender\":{\"female\":{\"%VALUE%\":5300,\"%REDACTED%\":false},\"male\":{\"%VALUE%\":2900,\"%REDACTED%\":false}},\"%VALUE%\":8300,\"%REDACTED%\":false},\"55-64\":{\"dimension:fb.author.gender\":{\"female\":{\"%VALUE%\":3200,\"%REDACTED%\":false},\"male\":{\"%VALUE%\":1400,\"%REDACTED%\":false}},\"%VALUE%\":4700,\"%REDACTED%\":false},\"18-24\":{\"dimension:fb.author.gender\":{\"female\":{\"%VALUE%\":2800,\"%REDACTED%\":false},\"male\":{\"%VALUE%\":1600,\"%REDACTED%\":false}},\"%VALUE%\":4400,\"%REDACTED%\":false},\"65+\":{\"dimension:fb.author.gender\":{\"female\":{\"%VALUE%\":1500,\"%REDACTED%\":false},\"male\":{\"%VALUE%\":700,\"%REDACTED%\":false}},\"%VALUE%\":2200,\"%REDACTED%\":false}},\"%VALUE%\":39000,\"%REDACTED%\":false},\"Day\":{\"dimension:fb.author.age\":{\"45-54\":{\"dimension:fb.author.gender\":{\"female\":{\"%VALUE%\":900,\"%REDACTED%\":false},\"male\":{\"%VALUE%\":300,\"%REDACTED%\":false}},\"%VALUE%\":1200,\"%REDACTED%\":false},\"35-44\":{\"dimension:fb.author.gender\":{\"female\":{\"%VALUE%\":700,\"%REDACTED%\":false},\"male\":{\"%VALUE%\":200,\"%REDACTED%\":false}},\"%VALUE%\":1000,\"%REDACTED%\":false},\"25-34\":{\"dimension:fb.author.gender\":{\"female\":{\"%VALUE%\":600,\"%REDACTED%\":false},\"male\":{\"%VALUE%\":100,\"%REDACTED%\":false}},\"%VALUE%\":700,\"%REDACTED%\":false},\"55-64\":{\"dimension:fb.author.gender\":{\"female\":{\"%VALUE%\":500,\"%REDACTED%\":false},\"male\":{\"%VALUE%\":100,\"%REDACTED%\":false}},\"%VALUE%\":700,\"%REDACTED%\":false},\"65+\":{\"dimension:fb.author.gender\":{\"female\":{\"%VALUE%\":300,\"%REDACTED%\":false},\"male\":{\"%VALUE%\":100,\"%REDACTED%\":false}},\"%VALUE%\":400,\"%REDACTED%\":false},\"18-24\":{\"dimension:fb.author.gender\":{\"female\":{\"%VALUE%\":300,\"%REDACTED%\":false}},\"%VALUE%\":400,\"%REDACTED%\":false}},\"%VALUE%\":4500,\"%REDACTED%\":false},\"Love\":{\"dimension:fb.author.age\":{\"25-34\":{\"dimension:fb.author.gender\":{\"female\":{\"%VALUE%\":600,\"%REDACTED%\":false},\"male\":{\"%VALUE%\":100,\"%REDACTED%\":false}},\"%VALUE%\":800,\"%REDACTED%\":false},\"18-24\":{\"dimension:fb.author.gender\":{\"female\":{\"%VALUE%\":400,\"%REDACTED%\":false},\"male\":{\"%VALUE%\":100,\"%REDACTED%\":false}},\"%VALUE%\":600,\"%REDACTED%\":false},\"35-44\":{\"dimension:fb.author.gender\":{\"female\":{\"%VALUE%\":400,\"%REDACTED%\":false},\"male\":{\"%VALUE%\":100,\"%REDACTED%\":false}},\"%VALUE%\":600,\"%REDACTED%\":false},\"45-54\":{\"dimension:fb.author.gender\":{\"female\":{\"%VALUE%\":400,\"%REDACTED%\":false}},\"%VALUE%\":400,\"%REDACTED%\":false},\"55-64\":{\"dimension:fb.author.gender\":{\"female\":{\"%VALUE%\":200,\"%REDACTED%\":false}},\"%VALUE%\":300,\"%REDACTED%\":false},\"65+\":{\"dimension:fb.author.gender\":{\"female\":{\"%VALUE%\":100,\"%REDACTED%\":false}},\"%VALUE%\":100,\"%REDACTED%\":false}},\"%VALUE%\":3000,\"%REDACTED%\":false},\"Friendship\":{\"dimension:fb.author.age\":{\"25-34\":{\"dimension:fb.author.gender\":{\"female\":{\"%VALUE%\":400,\"%REDACTED%\":false},\"male\":{\"%VALUE%\":100,\"%REDACTED%\":false}},\"%VALUE%\":500,\"%REDACTED%\":false},\"35-44\":{\"dimension:fb.author.gender\":{\"female\":{\"%VALUE%\":300,\"%REDACTED%\":false},\"male\":{\"%VALUE%\":100,\"%REDACTED%\":false}},\"%VALUE%\":500,\"%REDACTED%\":false},\"18-24\":{\"dimension:fb.author.gender\":{\"female\":{\"%VALUE%\":300,\"%REDACTED%\":false},\"male\":{\"%VALUE%\":100,\"%REDACTED%\":false}},\"%VALUE%\":500,\"%REDACTED%\":false},\"45-54\":{\"dimension:fb.author.gender\":{\"female\":{\"%VALUE%\":300,\"%REDACTED%\":false},\"male\":{\"%VALUE%\":100,\"%REDACTED%\":false}},\"%VALUE%\":400,\"%REDACTED%\":false},\"55-64\":{\"dimension:fb.author.gender\":{\"female\":{\"%VALUE%\":200,\"%REDACTED%\":false}},\"%VALUE%\":200,\"%REDACTED%\":false},\"65+\":{\"dimension:fb.author.gender\":{\"female\":{\"%VALUE%\":100,\"%REDACTED%\":false}},\"%VALUE%\":100,\"%REDACTED%\":false}},\"%VALUE%\":2400,\"%REDACTED%\":false},\"Barack Obama\":{\"dimension:fb.author.age\":{\"55-64\":{\"dimension:fb.author.gender\":{\"male\":{\"%VALUE%\":200,\"%REDACTED%\":false},\"female\":{\"%VALUE%\":200,\"%REDACTED%\":false}},\"%VALUE%\":400,\"%REDACTED%\":false},\"65+\":{\"dimension:fb.author.gender\":{\"male\":{\"%VALUE%\":200,\"%REDACTED%\":false},\"female\":{\"%VALUE%\":100,\"%REDACTED%\":false}},\"%VALUE%\":400,\"%REDACTED%\":false},\"45-54\":{\"dimension:fb.author.gender\":{\"male\":{\"%VALUE%\":200,\"%REDACTED%\":false},\"female\":{\"%VALUE%\":100,\"%REDACTED%\":false}},\"%VALUE%\":300,\"%REDACTED%\":false},\"35-44\":{\"dimension:fb.author.gender\":{\"male\":{\"%VALUE%\":100,\"%REDACTED%\":false}},\"%VALUE%\":200,\"%REDACTED%\":false},\"25-34\":{\"dimension:fb.author.gender\":{\"male\":{\"%VALUE%\":100,\"%REDACTED%\":false}},\"%VALUE%\":100,\"%REDACTED%\":false}},\"%VALUE%\":1700,\"%REDACTED%\":false},\"Sister\":{\"dimension:fb.author.age\":{\"25-34\":{\"dimension:fb.author.gender\":{\"female\":{\"%VALUE%\":300,\"%REDACTED%\":false},\"male\":{\"%VALUE%\":100,\"%REDACTED%\":false}},\"%VALUE%\":400,\"%REDACTED%\":false},\"18-24\":{\"dimension:fb.author.gender\":{\"female\":{\"%VALUE%\":200,\"%REDACTED%\":false}},\"%VALUE%\":300,\"%REDACTED%\":false},\"35-44\":{\"dimension:fb.author.gender\":{\"female\":{\"%VALUE%\":200,\"%REDACTED%\":false},\"male\":{\"%VALUE%\":100,\"%REDACTED%\":false}},\"%VALUE%\":300,\"%REDACTED%\":false},\"45-54\":{\"dimension:fb.author.gender\":{\"female\":{\"%VALUE%\":100,\"%REDACTED%\":false}},\"%VALUE%\":200,\"%REDACTED%\":false},\"55-64\":{\"dimension:fb.author.gender\":{\"female\":{\"%VALUE%\":100,\"%REDACTED%\":false}},\"%VALUE%\":100,\"%REDACTED%\":false}},\"%VALUE%\":1600,\"%REDACTED%\":false},\"Photograph\":{\"dimension:fb.author.age\":{\"45-54\":{\"dimension:fb.author.gender\":{\"female\":{\"%VALUE%\":200,\"%REDACTED%\":false},\"male\":{\"%VALUE%\":100,\"%REDACTED%\":false}},\"%VALUE%\":300,\"%REDACTED%\":false},\"55-64\":{\"dimension:fb.author.gender\":{\"female\":{\"%VALUE%\":100,\"%REDACTED%\":false}},\"%VALUE%\":200,\"%REDACTED%\":false},\"25-34\":{\"dimension:fb.author.gender\":{\"female\":{\"%VALUE%\":100,\"%REDACTED%\":false}},\"%VALUE%\":200,\"%REDACTED%\":false},\"35-44\":{\"dimension:fb.author.gender\":{\"female\":{\"%VALUE%\":100,\"%REDACTED%\":false}},\"%VALUE%\":200,\"%REDACTED%\":false},\"65+\":{\"dimension:fb.author.gender\":{\"female\":{\"%VALUE%\":100,\"%REDACTED%\":false}},\"%VALUE%\":100,\"%REDACTED%\":false},\"18-24\":{\"dimension:fb.author.gender\":[],\"%VALUE%\":100,\"%REDACTED%\":false}},\"%VALUE%\":1300,\"%REDACTED%\":false},\"Facebook\":{\"dimension:fb.author.age\":{\"25-34\":{\"dimension:fb.author.gender\":{\"female\":{\"%VALUE%\":200,\"%REDACTED%\":false},\"male\":{\"%VALUE%\":100,\"%REDACTED%\":false}},\"%VALUE%\":300,\"%REDACTED%\":false},\"18-24\":{\"dimension:fb.author.gender\":{\"female\":{\"%VALUE%\":100,\"%REDACTED%\":false},\"male\":{\"%VALUE%\":100,\"%REDACTED%\":false}},\"%VALUE%\":200,\"%REDACTED%\":false},\"35-44\":{\"dimension:fb.author.gender\":{\"female\":{\"%VALUE%\":100,\"%REDACTED%\":false},\"male\":{\"%VALUE%\":100,\"%REDACTED%\":false}},\"%VALUE%\":200,\"%REDACTED%\":false},\"45-54\":{\"dimension:fb.author.gender\":{\"female\":{\"%VALUE%\":100,\"%REDACTED%\":false}},\"%VALUE%\":200,\"%REDACTED%\":false},\"55-64\":{\"dimension:fb.author.gender\":{\"female\":{\"%VALUE%\":100,\"%REDACTED%\":false}},\"%VALUE%\":100,\"%REDACTED%\":false},\"65+\":{\"dimension:fb.author.gender\":[],\"%VALUE%\":100,\"%REDACTED%\":false}},\"%VALUE%\":1400,\"%REDACTED%\":false},\"Life\":{\"dimension:fb.author.age\":{\"25-34\":{\"dimension:fb.author.gender\":{\"female\":{\"%VALUE%\":200,\"%REDACTED%\":false},\"male\":{\"%VALUE%\":100,\"%REDACTED%\":false}},\"%VALUE%\":400,\"%REDACTED%\":false},\"18-24\":{\"dimension:fb.author.gender\":{\"female\":{\"%VALUE%\":200,\"%REDACTED%\":false}},\"%VALUE%\":300,\"%REDACTED%\":false},\"35-44\":{\"dimension:fb.author.gender\":{\"female\":{\"%VALUE%\":100,\"%REDACTED%\":false}},\"%VALUE%\":200,\"%REDACTED%\":false},\"45-54\":{\"dimension:fb.author.gender\":{\"female\":{\"%VALUE%\":100,\"%REDACTED%\":false}},\"%VALUE%\":100,\"%REDACTED%\":false},\"55-64\":{\"dimension:fb.author.gender\":[],\"%VALUE%\":100,\"%REDACTED%\":false}},\"%VALUE%\":1400,\"%REDACTED%\":false},\"Instagram\":{\"dimension:fb.author.age\":{\"25-34\":{\"dimension:fb.author.gender\":{\"female\":{\"%VALUE%\":200,\"%REDACTED%\":false},\"male\":{\"%VALUE%\":100,\"%REDACTED%\":false}},\"%VALUE%\":400,\"%REDACTED%\":false},\"35-44\":{\"dimension:fb.author.gender\":{\"female\":{\"%VALUE%\":100,\"%REDACTED%\":false},\"male\":{\"%VALUE%\":100,\"%REDACTED%\":false}},\"%VALUE%\":300,\"%REDACTED%\":false},\"18-24\":{\"dimension:fb.author.gender\":{\"female\":{\"%VALUE%\":100,\"%REDACTED%\":false}},\"%VALUE%\":200,\"%REDACTED%\":false},\"45-54\":{\"dimension:fb.author.gender\":{\"female\":{\"%VALUE%\":100,\"%REDACTED%\":false}},\"%VALUE%\":100,\"%REDACTED%\":false},\"55-64\":{\"dimension:fb.author.gender\":[],\"%VALUE%\":100,\"%REDACTED%\":false}},\"%VALUE%\":1300,\"%REDACTED%\":false},\"Gratitude\":{\"dimension:fb.author.age\":{\"25-34\":{\"dimension:fb.author.gender\":{\"female\":{\"%VALUE%\":200,\"%REDACTED%\":false},\"male\":{\"%VALUE%\":100,\"%REDACTED%\":false}},\"%VALUE%\":300,\"%REDACTED%\":false},\"35-44\":{\"dimension:fb.author.gender\":{\"female\":{\"%VALUE%\":200,\"%REDACTED%\":false}},\"%VALUE%\":200,\"%REDACTED%\":false},\"45-54\":{\"dimension:fb.author.gender\":{\"female\":{\"%VALUE%\":100,\"%REDACTED%\":false}},\"%VALUE%\":200,\"%REDACTED%\":false},\"18-24\":{\"dimension:fb.author.gender\":{\"female\":{\"%VALUE%\":100,\"%REDACTED%\":false}},\"%VALUE%\":100,\"%REDACTED%\":false},\"55-64\":{\"dimension:fb.author.gender\":[],\"%VALUE%\":100,\"%REDACTED%\":false}},\"%VALUE%\":1200,\"%REDACTED%\":false},\"Iran\":{\"dimension:fb.author.age\":{\"55-64\":{\"dimension:fb.author.gender\":{\"male\":{\"%VALUE%\":100,\"%REDACTED%\":false},\"female\":{\"%VALUE%\":100,\"%REDACTED%\":false}},\"%VALUE%\":300,\"%REDACTED%\":false},\"65+\":{\"dimension:fb.author.gender\":{\"female\":{\"%VALUE%\":100,\"%REDACTED%\":false},\"male\":{\"%VALUE%\":100,\"%REDACTED%\":false}},\"%VALUE%\":300,\"%REDACTED%\":false},\"45-54\":{\"dimension:fb.author.gender\":{\"male\":{\"%VALUE%\":100,\"%REDACTED%\":false}},\"%VALUE%\":200,\"%REDACTED%\":false},\"35-44\":{\"dimension:fb.author.gender\":{\"male\":{\"%VALUE%\":100,\"%REDACTED%\":false}},\"%VALUE%\":100,\"%REDACTED%\":false}},\"%VALUE%\":1100,\"%REDACTED%\":false},\"Family\":{\"dimension:fb.author.age\":{\"35-44\":{\"dimension:fb.author.gender\":{\"female\":{\"%VALUE%\":200,\"%REDACTED%\":false}},\"%VALUE%\":200,\"%REDACTED%\":false},\"25-34\":{\"dimension:fb.author.gender\":{\"female\":{\"%VALUE%\":100,\"%REDACTED%\":false}},\"%VALUE%\":200,\"%REDACTED%\":false},\"45-54\":{\"dimension:fb.author.gender\":{\"female\":{\"%VALUE%\":100,\"%REDACTED%\":false}},\"%VALUE%\":100,\"%REDACTED%\":false},\"55-64\":{\"dimension:fb.author.gender\":{\"female\":{\"%VALUE%\":100,\"%REDACTED%\":false}},\"%VALUE%\":100,\"%REDACTED%\":false},\"18-24\":{\"dimension:fb.author.gender\":{\"female\":{\"%VALUE%\":100,\"%REDACTED%\":false}},\"%VALUE%\":100,\"%REDACTED%\":false}},\"%VALUE%\":1000,\"%REDACTED%\":false},\"God\":{\"dimension:fb.author.age\":{\"35-44\":{\"dimension:fb.author.gender\":{\"female\":{\"%VALUE%\":100,\"%REDACTED%\":false}},\"%VALUE%\":200,\"%REDACTED%\":false},\"45-54\":{\"dimension:fb.author.gender\":{\"female\":{\"%VALUE%\":100,\"%REDACTED%\":false}},\"%VALUE%\":200,\"%REDACTED%\":false},\"25-34\":{\"dimension:fb.author.gender\":{\"female\":{\"%VALUE%\":100,\"%REDACTED%\":false}},\"%VALUE%\":100,\"%REDACTED%\":false},\"55-64\":{\"dimension:fb.author.gender\":{\"female\":{\"%VALUE%\":100,\"%REDACTED%\":false}},\"%VALUE%\":100,\"%REDACTED%\":false},\"18-24\":{\"dimension:fb.author.gender\":[],\"%VALUE%\":100,\"%REDACTED%\":false},\"65+\":{\"dimension:fb.author.gender\":[],\"%VALUE%\":100,\"%REDACTED%\":false}},\"%VALUE%\":1000,\"%REDACTED%\":false},\"Mother\":{\"dimension:fb.author.age\":{\"25-34\":{\"dimension:fb.author.gender\":{\"female\":{\"%VALUE%\":200,\"%REDACTED%\":false}},\"%VALUE%\":200,\"%REDACTED%\":false},\"18-24\":{\"dimension:fb.author.gender\":{\"female\":{\"%VALUE%\":100,\"%REDACTED%\":false}},\"%VALUE%\":200,\"%REDACTED%\":false},\"35-44\":{\"dimension:fb.author.gender\":{\"female\":{\"%VALUE%\":100,\"%REDACTED%\":false}},\"%VALUE%\":100,\"%REDACTED%\":false},\"45-54\":{\"dimension:fb.author.gender\":[],\"%VALUE%\":100,\"%REDACTED%\":false}},\"%VALUE%\":800,\"%REDACTED%\":false},\"Happiness\":{\"dimension:fb.author.age\":{\"35-44\":{\"dimension:fb.author.gender\":{\"female\":{\"%VALUE%\":100,\"%REDACTED%\":false}},\"%VALUE%\":200,\"%REDACTED%\":false},\"25-34\":{\"dimension:fb.author.gender\":{\"female\":{\"%VALUE%\":100,\"%REDACTED%\":false}},\"%VALUE%\":100,\"%REDACTED%\":false},\"45-54\":{\"dimension:fb.author.gender\":{\"female\":{\"%VALUE%\":100,\"%REDACTED%\":false}},\"%VALUE%\":100,\"%REDACTED%\":false},\"55-64\":{\"dimension:fb.author.gender\":{\"female\":{\"%VALUE%\":100,\"%REDACTED%\":false}},\"%VALUE%\":100,\"%REDACTED%\":false}},\"%VALUE%\":800,\"%REDACTED%\":false},\"United States\":{\"dimension:fb.author.age\":{\"45-54\":{\"dimension:fb.author.gender\":{\"female\":{\"%VALUE%\":100,\"%REDACTED%\":false}},\"%VALUE%\":100,\"%REDACTED%\":false},\"55-64\":{\"dimension:fb.author.gender\":[],\"%VALUE%\":100,\"%REDACTED%\":false},\"35-44\":{\"dimension:fb.author.gender\":[],\"%VALUE%\":100,\"%REDACTED%\":false},\"65+\":{\"dimension:fb.author.gender\":[],\"%VALUE%\":100,\"%REDACTED%\":false},\"25-34\":{\"dimension:fb.author.gender\":[],\"%VALUE%\":100,\"%REDACTED%\":false}},\"%VALUE%\":800,\"%REDACTED%\":false},\"Donald Trump\":{\"dimension:fb.author.age\":{\"55-64\":{\"dimension:fb.author.gender\":{\"male\":{\"%VALUE%\":100,\"%REDACTED%\":false}},\"%VALUE%\":100,\"%REDACTED%\":false},\"65+\":{\"dimension:fb.author.gender\":[],\"%VALUE%\":100,\"%REDACTED%\":false},\"45-54\":{\"dimension:fb.author.gender\":[],\"%VALUE%\":100,\"%REDACTED%\":false},\"35-44\":{\"dimension:fb.author.gender\":[],\"%VALUE%\":100,\"%REDACTED%\":false}},\"%VALUE%\":800,\"%REDACTED%\":false},\"Planned Parenthood\":{\"dimension:fb.author.age\":{\"55-64\":{\"dimension:fb.author.gender\":{\"female\":{\"%VALUE%\":100,\"%REDACTED%\":false}},\"%VALUE%\":100,\"%REDACTED%\":false},\"65+\":{\"dimension:fb.author.gender\":{\"female\":{\"%VALUE%\":100,\"%REDACTED%\":false}},\"%VALUE%\":100,\"%REDACTED%\":false},\"45-54\":{\"dimension:fb.author.gender\":[],\"%VALUE%\":100,\"%REDACTED%\":false},\"35-44\":{\"dimension:fb.author.gender\":[],\"%VALUE%\":100,\"%REDACTED%\":false}},\"%VALUE%\":700,\"%REDACTED%\":false},\"Children\":{\"dimension:fb.author.age\":{\"25-34\":{\"dimension:fb.author.gender\":{\"female\":{\"%VALUE%\":100,\"%REDACTED%\":false}},\"%VALUE%\":200,\"%REDACTED%\":false},\"35-44\":{\"dimension:fb.author.gender\":{\"female\":{\"%VALUE%\":100,\"%REDACTED%\":false}},\"%VALUE%\":100,\"%REDACTED%\":false},\"18-24\":{\"dimension:fb.author.gender\":[],\"%VALUE%\":100,\"%REDACTED%\":false},\"45-54\":{\"dimension:fb.author.gender\":[],\"%VALUE%\":100,\"%REDACTED%\":false}},\"%VALUE%\":700,\"%REDACTED%\":false},\"Texas\":{\"dimension:fb.author.age\":{\"35-44\":{\"dimension:fb.author.gender\":[],\"%VALUE%\":100,\"%REDACTED%\":false},\"25-34\":{\"dimension:fb.author.gender\":[],\"%VALUE%\":100,\"%REDACTED%\":false},\"45-54\":{\"dimension:fb.author.gender\":[],\"%VALUE%\":100,\"%REDACTED%\":false},\"55-64\":{\"dimension:fb.author.gender\":[],\"%VALUE%\":100,\"%REDACTED%\":false}},\"%VALUE%\":600,\"%REDACTED%\":false},\"Countries\":{\"dimension:fb.author.age\":{\"25-34\":{\"dimension:fb.author.gender\":[],\"%VALUE%\":100,\"%REDACTED%\":false},\"35-44\":{\"dimension:fb.author.gender\":[],\"%VALUE%\":100,\"%REDACTED%\":false},\"55-64\":{\"dimension:fb.author.gender\":[],\"%VALUE%\":100,\"%REDACTED%\":false},\"45-54\":{\"dimension:fb.author.gender\":[],\"%VALUE%\":100,\"%REDACTED%\":false}},\"%VALUE%\":600,\"%REDACTED%\":false},\"Music Videos\":{\"dimension:fb.author.age\":{\"25-34\":{\"dimension:fb.author.gender\":{\"male\":{\"%VALUE%\":100,\"%REDACTED%\":false}},\"%VALUE%\":200,\"%REDACTED%\":false},\"35-44\":{\"dimension:fb.author.gender\":[],\"%VALUE%\":100,\"%REDACTED%\":false},\"18-24\":{\"dimension:fb.author.gender\":[],\"%VALUE%\":100,\"%REDACTED%\":false},\"45-54\":{\"dimension:fb.author.gender\":[],\"%VALUE%\":100,\"%REDACTED%\":false}},\"%VALUE%\":600,\"%REDACTED%\":false},\"iOS\":{\"dimension:fb.author.age\":{\"45-54\":{\"dimension:fb.author.gender\":{\"female\":{\"%VALUE%\":100,\"%REDACTED%\":false}},\"%VALUE%\":100,\"%REDACTED%\":false},\"55-64\":{\"dimension:fb.author.gender\":[],\"%VALUE%\":100,\"%REDACTED%\":false},\"35-44\":{\"dimension:fb.author.gender\":[],\"%VALUE%\":100,\"%REDACTED%\":false},\"25-34\":{\"dimension:fb.author.gender\":[],\"%VALUE%\":100,\"%REDACTED%\":false}},\"%VALUE%\":600,\"%REDACTED%\":false},\"Mexico\":{\"dimension:fb.author.age\":{\"18-24\":{\"dimension:fb.author.gender\":[],\"%VALUE%\":100,\"%REDACTED%\":false},\"25-34\":{\"dimension:fb.author.gender\":{\"male\":{\"%VALUE%\":100,\"%REDACTED%\":false}},\"%VALUE%\":100,\"%REDACTED%\":false},\"35-44\":{\"dimension:fb.author.gender\":[],\"%VALUE%\":100,\"%REDACTED%\":false}},\"%VALUE%\":500,\"%REDACTED%\":false},\"Dogs\":{\"dimension:fb.author.age\":{\"55-64\":{\"dimension:fb.author.gender\":{\"female\":{\"%VALUE%\":100,\"%REDACTED%\":false}},\"%VALUE%\":100,\"%REDACTED%\":false},\"45-54\":{\"dimension:fb.author.gender\":[],\"%VALUE%\":100,\"%REDACTED%\":false},\"35-44\":{\"dimension:fb.author.gender\":[],\"%VALUE%\":100,\"%REDACTED%\":false}},\"%VALUE%\":500,\"%REDACTED%\":false},\"Community\":{\"dimension:fb.author.age\":{\"45-54\":{\"dimension:fb.author.gender\":[],\"%VALUE%\":100,\"%REDACTED%\":false},\"35-44\":{\"dimension:fb.author.gender\":[],\"%VALUE%\":100,\"%REDACTED%\":false},\"55-64\":{\"dimension:fb.author.gender\":[],\"%VALUE%\":100,\"%REDACTED%\":false}},\"%VALUE%\":400,\"%REDACTED%\":false},\"Social movement\":{\"dimension:fb.author.age\":{\"45-54\":{\"dimension:fb.author.gender\":[],\"%VALUE%\":100,\"%REDACTED%\":false},\"35-44\":{\"dimension:fb.author.gender\":[],\"%VALUE%\":100,\"%REDACTED%\":false},\"55-64\":{\"dimension:fb.author.gender\":[],\"%VALUE%\":100,\"%REDACTED%\":false}},\"%VALUE%\":400,\"%REDACTED%\":false},\"Green politics\":{\"dimension:fb.author.age\":{\"45-54\":{\"dimension:fb.author.gender\":[],\"%VALUE%\":100,\"%REDACTED%\":false},\"35-44\":{\"dimension:fb.author.gender\":[],\"%VALUE%\":100,\"%REDACTED%\":false},\"55-64\":{\"dimension:fb.author.gender\":[],\"%VALUE%\":100,\"%REDACTED%\":false}},\"%VALUE%\":400,\"%REDACTED%\":false},\"Jesus Christ\":{\"dimension:fb.author.age\":{\"45-54\":{\"dimension:fb.author.gender\":[],\"%VALUE%\":100,\"%REDACTED%\":false},\"35-44\":{\"dimension:fb.author.gender\":[],\"%VALUE%\":100,\"%REDACTED%\":false},\"55-64\":{\"dimension:fb.author.gender\":[],\"%VALUE%\":100,\"%REDACTED%\":false}},\"%VALUE%\":500,\"%REDACTED%\":false},\"ESPY Award\":{\"dimension:fb.author.age\":{\"25-34\":{\"dimension:fb.author.gender\":[],\"%VALUE%\":100,\"%REDACTED%\":false},\"35-44\":{\"dimension:fb.author.gender\":[],\"%VALUE%\":100,\"%REDACTED%\":false}},\"%VALUE%\":500,\"%REDACTED%\":false},\"Republican Party\":{\"dimension:fb.author.age\":{\"65+\":{\"dimension:fb.author.gender\":[],\"%VALUE%\":100,\"%REDACTED%\":false},\"55-64\":{\"dimension:fb.author.gender\":[],\"%VALUE%\":100,\"%REDACTED%\":false}},\"%VALUE%\":500,\"%REDACTED%\":false},\"Twitter\":{\"dimension:fb.author.age\":{\"25-34\":{\"dimension:fb.author.gender\":[],\"%VALUE%\":100,\"%REDACTED%\":false},\"18-24\":{\"dimension:fb.author.gender\":[],\"%VALUE%\":100,\"%REDACTED%\":false}},\"%VALUE%\":400,\"%REDACTED%\":false},\"People\":{\"dimension:fb.author.age\":{\"25-34\":{\"dimension:fb.author.gender\":[],\"%VALUE%\":100,\"%REDACTED%\":false},\"35-44\":{\"dimension:fb.author.gender\":[],\"%VALUE%\":100,\"%REDACTED%\":false},\"18-24\":{\"dimension:fb.author.gender\":[],\"%VALUE%\":100,\"%REDACTED%\":false}},\"%VALUE%\":400,\"%REDACTED%\":false},\"Amazon.com\":{\"dimension:fb.author.age\":{\"25-34\":{\"dimension:fb.author.gender\":{\"female\":{\"%VALUE%\":100,\"%REDACTED%\":false}},\"%VALUE%\":100,\"%REDACTED%\":false},\"35-44\":{\"dimension:fb.author.gender\":[],\"%VALUE%\":100,\"%REDACTED%\":false}},\"%VALUE%\":400,\"%REDACTED%\":false},\"Traveling\":{\"dimension:fb.author.age\":{\"25-34\":{\"dimension:fb.author.gender\":[],\"%VALUE%\":100,\"%REDACTED%\":false},\"35-44\":{\"dimension:fb.author.gender\":[],\"%VALUE%\":100,\"%REDACTED%\":false}},\"%VALUE%\":400,\"%REDACTED%\":false},\"President of the United States\":{\"dimension:fb.author.age\":{\"65+\":{\"dimension:fb.author.gender\":[],\"%VALUE%\":100,\"%REDACTED%\":false},\"55-64\":{\"dimension:fb.author.gender\":[],\"%VALUE%\":100,\"%REDACTED%\":false}},\"%VALUE%\":400,\"%REDACTED%\":false},\"Florida\":{\"dimension:fb.author.age\":{\"35-44\":{\"dimension:fb.author.gender\":[],\"%VALUE%\":100,\"%REDACTED%\":false}},\"%VALUE%\":400,\"%REDACTED%\":false},\"Morning\":{\"dimension:fb.author.age\":{\"25-34\":{\"dimension:fb.author.gender\":{\"female\":{\"%VALUE%\":100,\"%REDACTED%\":false}},\"%VALUE%\":100,\"%REDACTED%\":false}},\"%VALUE%\":400,\"%REDACTED%\":false},\"Eating\":{\"dimension:fb.author.age\":{\"25-34\":{\"dimension:fb.author.gender\":[],\"%VALUE%\":100,\"%REDACTED%\":false}},\"%VALUE%\":400,\"%REDACTED%\":false},\"Emotion\":{\"dimension:fb.author.age\":{\"25-34\":{\"dimension:fb.author.gender\":{\"female\":{\"%VALUE%\":100,\"%REDACTED%\":false}},\"%VALUE%\":100,\"%REDACTED%\":false},\"18-24\":{\"dimension:fb.author.gender\":[],\"%VALUE%\":100,\"%REDACTED%\":false}},\"%VALUE%\":400,\"%REDACTED%\":false},\"Pictures\":{\"dimension:fb.author.age\":[],\"%VALUE%\":400,\"%REDACTED%\":false},\"Cars\":{\"dimension:fb.author.age\":{\"25-34\":{\"dimension:fb.author.gender\":[],\"%VALUE%\":100,\"%REDACTED%\":false}},\"%VALUE%\":400,\"%REDACTED%\":false},\"Food\":{\"dimension:fb.author.age\":{\"25-34\":{\"dimension:fb.author.gender\":[],\"%VALUE%\":100,\"%REDACTED%\":false}},\"%VALUE%\":400,\"%REDACTED%\":false},\"Cats\":{\"dimension:fb.author.age\":[],\"%VALUE%\":300,\"%REDACTED%\":false},\"Sleeping\":{\"dimension:fb.author.age\":{\"18-24\":{\"dimension:fb.author.gender\":{\"female\":{\"%VALUE%\":100,\"%REDACTED%\":false}},\"%VALUE%\":100,\"%REDACTED%\":false},\"25-34\":{\"dimension:fb.author.gender\":{\"female\":{\"%VALUE%\":100,\"%REDACTED%\":false}},\"%VALUE%\":100,\"%REDACTED%\":false}},\"%VALUE%\":300,\"%REDACTED%\":false},\"Animals\":{\"dimension:fb.author.age\":[],\"%VALUE%\":300,\"%REDACTED%\":false},\"Christianity\":{\"dimension:fb.author.age\":[],\"%VALUE%\":300,\"%REDACTED%\":false},\"Loneliness\":{\"dimension:fb.author.age\":{\"18-24\":{\"dimension:fb.author.gender\":{\"female\":{\"%VALUE%\":100,\"%REDACTED%\":false}},\"%VALUE%\":100,\"%REDACTED%\":false}},\"%VALUE%\":300,\"%REDACTED%\":false},\"Wednesday\":{\"dimension:fb.author.age\":[],\"%VALUE%\":300,\"%REDACTED%\":false},\"Father\":{\"dimension:fb.author.age\":[],\"%VALUE%\":300,\"%REDACTED%\":false},\"Dinner\":{\"dimension:fb.author.age\":{\"35-44\":{\"dimension:fb.author.gender\":[],\"%VALUE%\":100,\"%REDACTED%\":false}},\"%VALUE%\":300,\"%REDACTED%\":false},\"Texting\":{\"dimension:fb.author.age\":{\"18-24\":{\"dimension:fb.author.gender\":{\"female\":{\"%VALUE%\":100,\"%REDACTED%\":false}},\"%VALUE%\":100,\"%REDACTED%\":false}},\"%VALUE%\":300,\"%REDACTED%\":false},\"Estado\":{\"dimension:fb.author.age\":[],\"%VALUE%\":300,\"%REDACTED%\":false},\"California\":{\"dimension:fb.author.age\":[],\"%VALUE%\":300,\"%REDACTED%\":false},\"Abortion\":{\"dimension:fb.author.age\":[],\"%VALUE%\":300,\"%REDACTED%\":false},\"LMFAO\":{\"dimension:fb.author.age\":{\"18-24\":{\"dimension:fb.author.gender\":[],\"%VALUE%\":100,\"%REDACTED%\":false},\"25-34\":{\"dimension:fb.author.gender\":[],\"%VALUE%\":100,\"%REDACTED%\":false}},\"%VALUE%\":300,\"%REDACTED%\":false},\"Pets\":{\"dimension:fb.author.age\":{\"45-54\":{\"dimension:fb.author.gender\":[],\"%VALUE%\":100,\"%REDACTED%\":false}},\"%VALUE%\":300,\"%REDACTED%\":false},\"Wife\":{\"dimension:fb.author.age\":[],\"%VALUE%\":300,\"%REDACTED%\":false},\"Chicken\":{\"dimension:fb.author.age\":[],\"%VALUE%\":300,\"%REDACTED%\":false},\"Album\":{\"dimension:fb.author.age\":[],\"%VALUE%\":300,\"%REDACTED%\":false},\"Bible\":{\"dimension:fb.author.age\":[],\"%VALUE%\":300,\"%REDACTED%\":false},\"Photography\":{\"dimension:fb.author.age\":[],\"%VALUE%\":300,\"%REDACTED%\":false},\"Caitlyn Jenner\":{\"dimension:fb.author.age\":{\"25-34\":{\"dimension:fb.author.gender\":[],\"%VALUE%\":100,\"%REDACTED%\":false}},\"%VALUE%\":300,\"%REDACTED%\":false},\"Pluto\":{\"dimension:fb.author.age\":[],\"%VALUE%\":300,\"%REDACTED%\":false},\"YouTube\":{\"dimension:fb.author.age\":[],\"%VALUE%\":300,\"%REDACTED%\":false},\"Dallas Cowboys\":{\"dimension:fb.author.age\":{\"25-34\":{\"dimension:fb.author.gender\":[],\"%VALUE%\":100,\"%REDACTED%\":false}},\"%VALUE%\":300,\"%REDACTED%\":false},\"Praying\":{\"dimension:fb.author.age\":[],\"%VALUE%\":200,\"%REDACTED%\":false},\"Baby Ghosts\":{\"dimension:fb.author.age\":[],\"%VALUE%\":200,\"%REDACTED%\":false},\"Movies!\":{\"dimension:fb.author.age\":[],\"%VALUE%\":200,\"%REDACTED%\":false},\"Soul\":{\"dimension:fb.author.age\":[],\"%VALUE%\":200,\"%REDACTED%\":false},\"Cancer\":{\"dimension:fb.author.age\":[],\"%VALUE%\":200,\"%REDACTED%\":false},\"Girls\":{\"dimension:fb.author.age\":[],\"%VALUE%\":200,\"%REDACTED%\":false},\"Hair\":{\"dimension:fb.author.age\":{\"18-24\":{\"dimension:fb.author.gender\":[],\"%VALUE%\":100,\"%REDACTED%\":false}},\"%VALUE%\":200,\"%REDACTED%\":false},\"Chicago, Illinois\":{\"dimension:fb.author.age\":[],\"%VALUE%\":200,\"%REDACTED%\":false},\"Lunch\":{\"dimension:fb.author.age\":[],\"%VALUE%\":200,\"%REDACTED%\":false},\"Confederate States of America\":{\"dimension:fb.author.age\":[],\"%VALUE%\":200,\"%REDACTED%\":false},\"Atlanta, Georgia\":{\"dimension:fb.author.age\":[],\"%VALUE%\":200,\"%REDACTED%\":false},\"Boredom\":{\"dimension:fb.author.age\":{\"18-24\":{\"dimension:fb.author.gender\":{\"female\":{\"%VALUE%\":100,\"%REDACTED%\":false}},\"%VALUE%\":100,\"%REDACTED%\":false}},\"%VALUE%\":200,\"%REDACTED%\":false},\"Houses\":{\"dimension:fb.author.age\":[],\"%VALUE%\":200,\"%REDACTED%\":false},\"Time\":{\"dimension:fb.author.age\":[],\"%VALUE%\":200,\"%REDACTED%\":false},\"Beer\":{\"dimension:fb.author.age\":[],\"%VALUE%\":200,\"%REDACTED%\":false},\"Cheese\":{\"dimension:fb.author.age\":[],\"%VALUE%\":200,\"%REDACTED%\":false},\"Health\":{\"dimension:fb.author.age\":[],\"%VALUE%\":200,\"%REDACTED%\":false},\"Walmart\":{\"dimension:fb.author.age\":[],\"%VALUE%\":200,\"%REDACTED%\":false},\"Dez Bryant\":{\"dimension:fb.author.age\":[],\"%VALUE%\":200,\"%REDACTED%\":false},\"United States Congress\":{\"dimension:fb.author.age\":[],\"%VALUE%\":200,\"%REDACTED%\":false},\"Meme\":{\"dimension:fb.author.age\":[],\"%VALUE%\":200,\"%REDACTED%\":false},\"Cake\":{\"dimension:fb.author.age\":[],\"%VALUE%\":200,\"%REDACTED%\":false},\"LOL\":{\"dimension:fb.author.age\":[],\"%VALUE%\":200,\"%REDACTED%\":false},\"Israel\":{\"dimension:fb.author.age\":[],\"%VALUE%\":200,\"%REDACTED%\":false},\"Joaquin \\\"Chapo\\\" Guzman\":{\"dimension:fb.author.age\":[],\"%VALUE%\":200,\"%REDACTED%\":false},\"Police\":{\"dimension:fb.author.age\":[],\"%VALUE%\":200,\"%REDACTED%\":false},\"Sales\":{\"dimension:fb.author.age\":[],\"%VALUE%\":200,\"%REDACTED%\":false},\"New York, New York\":{\"dimension:fb.author.age\":[],\"%VALUE%\":200,\"%REDACTED%\":false},\"NASA - National Aeronautics and Space Administration\":{\"dimension:fb.author.age\":[],\"%VALUE%\":200,\"%REDACTED%\":false},\"Women\":{\"dimension:fb.author.age\":[],\"%VALUE%\":200,\"%REDACTED%\":false},\"Internet\":{\"dimension:fb.author.age\":[],\"%VALUE%\":200,\"%REDACTED%\":false},\"Democratic Party\":{\"dimension:fb.author.age\":[],\"%VALUE%\":200,\"%REDACTED%\":false},\"New Horizons\":{\"dimension:fb.author.age\":[],\"%VALUE%\":200,\"%REDACTED%\":false}},\"%REDACTED%\":false,\"%VALUE%\":488600}}');
INSERT INTO `dataset`
(`id`, `brand_id`, `recording_id`, `name`, `dimensions`, `visibility`, `analysis_type`, `schedule`, `schedule_units`, `time_range`, `status`, `created_at`, `updated_at`, `last_refreshed`, `data`)
VALUES
  (3, 2, 3, 'US Sample, age, gender and highest education','fb.author.age,fb.author.gender,fb.author.highest_education','public', 'freqDist', 1, 'day', 'day', 'running', 1435701600, 1435701600, 1435701600, '{\"measure:interactions\":{\"dimension:fb.author.highest_education\":{\"college\":{\"dimension:fb.author.age\":{\"25-34\":{\"dimension:fb.author.gender\":{\"female\":{\"%VALUE%\":47700,\"%REDACTED%\":false},\"male\":{\"%VALUE%\":23900,\"%REDACTED%\":false},\"unknown\":{\"%VALUE%\":300,\"%REDACTED%\":false}},\"%VALUE%\":72000,\"%REDACTED%\":false},\"35-44\":{\"dimension:fb.author.gender\":{\"female\":{\"%VALUE%\":38300,\"%REDACTED%\":false},\"male\":{\"%VALUE%\":17800,\"%REDACTED%\":false},\"unknown\":{\"%VALUE%\":200,\"%REDACTED%\":false}},\"%VALUE%\":56300,\"%REDACTED%\":false},\"18-24\":{\"dimension:fb.author.gender\":{\"female\":{\"%VALUE%\":36100,\"%REDACTED%\":false},\"male\":{\"%VALUE%\":17600,\"%REDACTED%\":false},\"unknown\":{\"%VALUE%\":100,\"%REDACTED%\":false}},\"%VALUE%\":53900,\"%REDACTED%\":false},\"45-54\":{\"dimension:fb.author.gender\":{\"female\":{\"%VALUE%\":31200,\"%REDACTED%\":false},\"male\":{\"%VALUE%\":14300,\"%REDACTED%\":false},\"unknown\":{\"%VALUE%\":200,\"%REDACTED%\":false}},\"%VALUE%\":45800,\"%REDACTED%\":false},\"55-64\":{\"dimension:fb.author.gender\":{\"female\":{\"%VALUE%\":20600,\"%REDACTED%\":false},\"male\":{\"%VALUE%\":9000,\"%REDACTED%\":false},\"unknown\":{\"%VALUE%\":100,\"%REDACTED%\":false}},\"%VALUE%\":29800,\"%REDACTED%\":false},\"65+\":{\"dimension:fb.author.gender\":{\"female\":{\"%VALUE%\":11300,\"%REDACTED%\":false},\"male\":{\"%VALUE%\":5500,\"%REDACTED%\":false},\"unknown\":{\"%VALUE%\":100,\"%REDACTED%\":false}},\"%VALUE%\":17000,\"%REDACTED%\":false}},\"%VALUE%\":275000,\"%REDACTED%\":false},\"high school\":{\"dimension:fb.author.age\":{\"18-24\":{\"dimension:fb.author.gender\":{\"female\":{\"%VALUE%\":19600,\"%REDACTED%\":false},\"male\":{\"%VALUE%\":9500,\"%REDACTED%\":false},\"unknown\":{\"%VALUE%\":100,\"%REDACTED%\":false}},\"%VALUE%\":29200,\"%REDACTED%\":false},\"25-34\":{\"dimension:fb.author.gender\":{\"female\":{\"%VALUE%\":18000,\"%REDACTED%\":false},\"male\":{\"%VALUE%\":10600,\"%REDACTED%\":false}},\"%VALUE%\":28700,\"%REDACTED%\":false},\"35-44\":{\"dimension:fb.author.gender\":{\"female\":{\"%VALUE%\":17100,\"%REDACTED%\":false},\"male\":{\"%VALUE%\":9100,\"%REDACTED%\":false}},\"%VALUE%\":26300,\"%REDACTED%\":false},\"45-54\":{\"dimension:fb.author.gender\":{\"female\":{\"%VALUE%\":17100,\"%REDACTED%\":false},\"male\":{\"%VALUE%\":7500,\"%REDACTED%\":false}},\"%VALUE%\":24800,\"%REDACTED%\":false},\"55-64\":{\"dimension:fb.author.gender\":{\"female\":{\"%VALUE%\":12800,\"%REDACTED%\":false},\"male\":{\"%VALUE%\":4200,\"%REDACTED%\":false}},\"%VALUE%\":17100,\"%REDACTED%\":false},\"65+\":{\"dimension:fb.author.gender\":{\"female\":{\"%VALUE%\":8000,\"%REDACTED%\":false},\"male\":{\"%VALUE%\":2300,\"%REDACTED%\":false}},\"%VALUE%\":10400,\"%REDACTED%\":false}},\"%VALUE%\":136900,\"%REDACTED%\":false},\"unknown\":{\"dimension:fb.author.age\":{\"25-34\":{\"dimension:fb.author.gender\":{\"female\":{\"%VALUE%\":8000,\"%REDACTED%\":false},\"male\":{\"%VALUE%\":5100,\"%REDACTED%\":false},\"unknown\":{\"%VALUE%\":100,\"%REDACTED%\":false}},\"%VALUE%\":13200,\"%REDACTED%\":false},\"35-44\":{\"dimension:fb.author.gender\":{\"female\":{\"%VALUE%\":8400,\"%REDACTED%\":false},\"male\":{\"%VALUE%\":4500,\"%REDACTED%\":false},\"unknown\":{\"%VALUE%\":100,\"%REDACTED%\":false}},\"%VALUE%\":13100,\"%REDACTED%\":false},\"45-54\":{\"dimension:fb.author.gender\":{\"female\":{\"%VALUE%\":8700,\"%REDACTED%\":false},\"male\":{\"%VALUE%\":3800,\"%REDACTED%\":false},\"unknown\":{\"%VALUE%\":100,\"%REDACTED%\":false}},\"%VALUE%\":12700,\"%REDACTED%\":false},\"18-24\":{\"dimension:fb.author.gender\":{\"female\":{\"%VALUE%\":6700,\"%REDACTED%\":false},\"male\":{\"%VALUE%\":3400,\"%REDACTED%\":false}},\"%VALUE%\":10100,\"%REDACTED%\":false},\"55-64\":{\"dimension:fb.author.gender\":{\"female\":{\"%VALUE%\":7100,\"%REDACTED%\":false},\"male\":{\"%VALUE%\":2500,\"%REDACTED%\":false},\"unknown\":{\"%VALUE%\":100,\"%REDACTED%\":false}},\"%VALUE%\":9700,\"%REDACTED%\":false},\"65+\":{\"dimension:fb.author.gender\":{\"female\":{\"%VALUE%\":4800,\"%REDACTED%\":false},\"male\":{\"%VALUE%\":1800,\"%REDACTED%\":false}},\"%VALUE%\":6800,\"%REDACTED%\":false}},\"%VALUE%\":66000,\"%REDACTED%\":false},\"grad school\":{\"dimension:fb.author.age\":{\"25-34\":{\"dimension:fb.author.gender\":{\"female\":{\"%VALUE%\":5800,\"%REDACTED%\":false},\"male\":{\"%VALUE%\":2300,\"%REDACTED%\":false}},\"%VALUE%\":8200,\"%REDACTED%\":false},\"35-44\":{\"dimension:fb.author.gender\":{\"female\":{\"%VALUE%\":5300,\"%REDACTED%\":false},\"male\":{\"%VALUE%\":2100,\"%REDACTED%\":false}},\"%VALUE%\":7500,\"%REDACTED%\":false},\"45-54\":{\"dimension:fb.author.gender\":{\"female\":{\"%VALUE%\":3600,\"%REDACTED%\":false},\"male\":{\"%VALUE%\":1700,\"%REDACTED%\":false}},\"%VALUE%\":5500,\"%REDACTED%\":false},\"55-64\":{\"dimension:fb.author.gender\":{\"female\":{\"%VALUE%\":2200,\"%REDACTED%\":false},\"male\":{\"%VALUE%\":1100,\"%REDACTED%\":false}},\"%VALUE%\":3400,\"%REDACTED%\":false},\"18-24\":{\"dimension:fb.author.gender\":{\"female\":{\"%VALUE%\":1400,\"%REDACTED%\":false},\"male\":{\"%VALUE%\":700,\"%REDACTED%\":false}},\"%VALUE%\":2200,\"%REDACTED%\":false},\"65+\":{\"dimension:fb.author.gender\":{\"female\":{\"%VALUE%\":1100,\"%REDACTED%\":false},\"male\":{\"%VALUE%\":800,\"%REDACTED%\":false}},\"%VALUE%\":2000,\"%REDACTED%\":false}},\"%VALUE%\":29000,\"%REDACTED%\":false}},\"%REDACTED%\":false,\"%VALUE%\":507000},\"measure:unique_authors\":{\"dimension:fb.author.highest_education\":{\"college\":{\"dimension:fb.author.age\":{\"25-34\":{\"dimension:fb.author.gender\":{\"female\":{\"%VALUE%\":46400,\"%REDACTED%\":false},\"male\":{\"%VALUE%\":22900,\"%REDACTED%\":false},\"unknown\":{\"%VALUE%\":200,\"%REDACTED%\":false}},\"%VALUE%\":71400,\"%REDACTED%\":false},\"35-44\":{\"dimension:fb.author.gender\":{\"female\":{\"%VALUE%\":38300,\"%REDACTED%\":false},\"male\":{\"%VALUE%\":17800,\"%REDACTED%\":false},\"unknown\":{\"%VALUE%\":200,\"%REDACTED%\":false}},\"%VALUE%\":56300,\"%REDACTED%\":false},\"18-24\":{\"dimension:fb.author.gender\":{\"female\":{\"%VALUE%\":34500,\"%REDACTED%\":false},\"male\":{\"%VALUE%\":17600,\"%REDACTED%\":false},\"unknown\":{\"%VALUE%\":100,\"%REDACTED%\":false}},\"%VALUE%\":52200,\"%REDACTED%\":false},\"45-54\":{\"dimension:fb.author.gender\":{\"female\":{\"%VALUE%\":29200,\"%REDACTED%\":false},\"male\":{\"%VALUE%\":13500,\"%REDACTED%\":false},\"unknown\":{\"%VALUE%\":200,\"%REDACTED%\":false}},\"%VALUE%\":42200,\"%REDACTED%\":false},\"55-64\":{\"dimension:fb.author.gender\":{\"female\":{\"%VALUE%\":20500,\"%REDACTED%\":false},\"male\":{\"%VALUE%\":9000,\"%REDACTED%\":false},\"unknown\":{\"%VALUE%\":100,\"%REDACTED%\":false}},\"%VALUE%\":29000,\"%REDACTED%\":false},\"65+\":{\"dimension:fb.author.gender\":{\"female\":{\"%VALUE%\":10800,\"%REDACTED%\":false},\"male\":{\"%VALUE%\":5300,\"%REDACTED%\":false},\"unknown\":{\"%VALUE%\":100,\"%REDACTED%\":false}},\"%VALUE%\":16400,\"%REDACTED%\":false}},\"%VALUE%\":258300,\"%REDACTED%\":false},\"high school\":{\"dimension:fb.author.age\":{\"18-24\":{\"dimension:fb.author.gender\":{\"female\":{\"%VALUE%\":19000,\"%REDACTED%\":false},\"male\":{\"%VALUE%\":8900,\"%REDACTED%\":false},\"unknown\":{\"%VALUE%\":100,\"%REDACTED%\":false}},\"%VALUE%\":28100,\"%REDACTED%\":false},\"25-34\":{\"dimension:fb.author.gender\":{\"female\":{\"%VALUE%\":18000,\"%REDACTED%\":false},\"male\":{\"%VALUE%\":10600,\"%REDACTED%\":false}},\"%VALUE%\":28700,\"%REDACTED%\":false},\"35-44\":{\"dimension:fb.author.gender\":{\"female\":{\"%VALUE%\":17100,\"%REDACTED%\":false},\"male\":{\"%VALUE%\":9100,\"%REDACTED%\":false}},\"%VALUE%\":26300,\"%REDACTED%\":false},\"45-54\":{\"dimension:fb.author.gender\":{\"female\":{\"%VALUE%\":16600,\"%REDACTED%\":false},\"male\":{\"%VALUE%\":7500,\"%REDACTED%\":false}},\"%VALUE%\":24800,\"%REDACTED%\":false},\"55-64\":{\"dimension:fb.author.gender\":{\"female\":{\"%VALUE%\":12100,\"%REDACTED%\":false},\"male\":{\"%VALUE%\":4200,\"%REDACTED%\":false}},\"%VALUE%\":16300,\"%REDACTED%\":false},\"65+\":{\"dimension:fb.author.gender\":{\"female\":{\"%VALUE%\":7800,\"%REDACTED%\":false},\"male\":{\"%VALUE%\":2200,\"%REDACTED%\":false}},\"%VALUE%\":9800,\"%REDACTED%\":false}},\"%VALUE%\":134300,\"%REDACTED%\":false},\"unknown\":{\"dimension:fb.author.age\":{\"25-34\":{\"dimension:fb.author.gender\":{\"female\":{\"%VALUE%\":8000,\"%REDACTED%\":false},\"male\":{\"%VALUE%\":4800,\"%REDACTED%\":false},\"unknown\":{\"%VALUE%\":100,\"%REDACTED%\":false}},\"%VALUE%\":13100,\"%REDACTED%\":false},\"35-44\":{\"dimension:fb.author.gender\":{\"female\":{\"%VALUE%\":8400,\"%REDACTED%\":false},\"male\":{\"%VALUE%\":4200,\"%REDACTED%\":false},\"unknown\":{\"%VALUE%\":100,\"%REDACTED%\":false}},\"%VALUE%\":13100,\"%REDACTED%\":false},\"45-54\":{\"dimension:fb.author.gender\":{\"female\":{\"%VALUE%\":8600,\"%REDACTED%\":false},\"male\":{\"%VALUE%\":3600,\"%REDACTED%\":false},\"unknown\":{\"%VALUE%\":100,\"%REDACTED%\":false}},\"%VALUE%\":12700,\"%REDACTED%\":false},\"18-24\":{\"dimension:fb.author.gender\":{\"female\":{\"%VALUE%\":6500,\"%REDACTED%\":false},\"male\":{\"%VALUE%\":3400,\"%REDACTED%\":false}},\"%VALUE%\":9700,\"%REDACTED%\":false},\"55-64\":{\"dimension:fb.author.gender\":{\"female\":{\"%VALUE%\":6600,\"%REDACTED%\":false},\"male\":{\"%VALUE%\":2400,\"%REDACTED%\":false},\"unknown\":{\"%VALUE%\":100,\"%REDACTED%\":false}},\"%VALUE%\":9400,\"%REDACTED%\":false},\"65+\":{\"dimension:fb.author.gender\":{\"female\":{\"%VALUE%\":4500,\"%REDACTED%\":false},\"male\":{\"%VALUE%\":1800,\"%REDACTED%\":false}},\"%VALUE%\":6600,\"%REDACTED%\":false}},\"%VALUE%\":65800,\"%REDACTED%\":false},\"grad school\":{\"dimension:fb.author.age\":{\"25-34\":{\"dimension:fb.author.gender\":{\"female\":{\"%VALUE%\":5400,\"%REDACTED%\":false},\"male\":{\"%VALUE%\":2200,\"%REDACTED%\":false}},\"%VALUE%\":7800,\"%REDACTED%\":false},\"35-44\":{\"dimension:fb.author.gender\":{\"female\":{\"%VALUE%\":4900,\"%REDACTED%\":false},\"male\":{\"%VALUE%\":2000,\"%REDACTED%\":false}},\"%VALUE%\":7100,\"%REDACTED%\":false},\"45-54\":{\"dimension:fb.author.gender\":{\"female\":{\"%VALUE%\":3400,\"%REDACTED%\":false},\"male\":{\"%VALUE%\":1700,\"%REDACTED%\":false}},\"%VALUE%\":5300,\"%REDACTED%\":false},\"55-64\":{\"dimension:fb.author.gender\":{\"female\":{\"%VALUE%\":2200,\"%REDACTED%\":false},\"male\":{\"%VALUE%\":1000,\"%REDACTED%\":false}},\"%VALUE%\":3300,\"%REDACTED%\":false},\"18-24\":{\"dimension:fb.author.gender\":{\"female\":{\"%VALUE%\":1300,\"%REDACTED%\":false},\"male\":{\"%VALUE%\":700,\"%REDACTED%\":false}},\"%VALUE%\":2100,\"%REDACTED%\":false},\"65+\":{\"dimension:fb.author.gender\":{\"female\":{\"%VALUE%\":1100,\"%REDACTED%\":false},\"male\":{\"%VALUE%\":800,\"%REDACTED%\":false}},\"%VALUE%\":2000,\"%REDACTED%\":false}},\"%VALUE%\":28000,\"%REDACTED%\":false}},\"%REDACTED%\":false,\"%VALUE%\":488800}}');
INSERT INTO `dataset`
(`id`, `brand_id`, `recording_id`, `name`, `dimensions`, `visibility`, `analysis_type`, `schedule`, `schedule_units`, `time_range`, `status`, `created_at`, `updated_at`, `last_refreshed`, `data`)
VALUES
  (4, 2, 4, 'US Sample, age and region','fb.author.age,fb.author.region','public', 'freqDist', 1, 'day', 'day', 'running', 1435701600, 1435701600, 1435701600, '{\"measure:interactions\":{\"dimension:fb.author.region\":{\"California\":{\"dimension:fb.author.age\":{\"25-34\":{\"%VALUE%\":11200,\"%REDACTED%\":false},\"35-44\":{\"%VALUE%\":9500,\"%REDACTED%\":false},\"45-54\":{\"%VALUE%\":8300,\"%REDACTED%\":false},\"18-24\":{\"%VALUE%\":8000,\"%REDACTED%\":false},\"55-64\":{\"%VALUE%\":5300,\"%REDACTED%\":false},\"65+\":{\"%VALUE%\":3400,\"%REDACTED%\":false}},\"%VALUE%\":45900,\"%REDACTED%\":false},\"Texas\":{\"dimension:fb.author.age\":{\"25-34\":{\"%VALUE%\":11600,\"%REDACTED%\":false},\"35-44\":{\"%VALUE%\":9800,\"%REDACTED%\":false},\"18-24\":{\"%VALUE%\":8400,\"%REDACTED%\":false},\"45-54\":{\"%VALUE%\":7500,\"%REDACTED%\":false},\"55-64\":{\"%VALUE%\":5100,\"%REDACTED%\":false},\"65+\":{\"%VALUE%\":3000,\"%REDACTED%\":false}},\"%VALUE%\":45600,\"%REDACTED%\":false},\"Florida\":{\"dimension:fb.author.age\":{\"25-34\":{\"%VALUE%\":7900,\"%REDACTED%\":false},\"35-44\":{\"%VALUE%\":6700,\"%REDACTED%\":false},\"45-54\":{\"%VALUE%\":6300,\"%REDACTED%\":false},\"18-24\":{\"%VALUE%\":5600,\"%REDACTED%\":false},\"55-64\":{\"%VALUE%\":4400,\"%REDACTED%\":false},\"65+\":{\"%VALUE%\":3000,\"%REDACTED%\":false}},\"%VALUE%\":34200,\"%REDACTED%\":false},\"New York\":{\"dimension:fb.author.age\":{\"25-34\":{\"%VALUE%\":7700,\"%REDACTED%\":false},\"18-24\":{\"%VALUE%\":6200,\"%REDACTED%\":false},\"35-44\":{\"%VALUE%\":6000,\"%REDACTED%\":false},\"45-54\":{\"%VALUE%\":5200,\"%REDACTED%\":false},\"55-64\":{\"%VALUE%\":3200,\"%REDACTED%\":false},\"65+\":{\"%VALUE%\":2000,\"%REDACTED%\":false}},\"%VALUE%\":30500,\"%REDACTED%\":false},\"Illinois\":{\"dimension:fb.author.age\":{\"25-34\":{\"%VALUE%\":5000,\"%REDACTED%\":false},\"18-24\":{\"%VALUE%\":4500,\"%REDACTED%\":false},\"35-44\":{\"%VALUE%\":4300,\"%REDACTED%\":false},\"45-54\":{\"%VALUE%\":3400,\"%REDACTED%\":false},\"55-64\":{\"%VALUE%\":2200,\"%REDACTED%\":false},\"65+\":{\"%VALUE%\":1200,\"%REDACTED%\":false}},\"%VALUE%\":20900,\"%REDACTED%\":false},\"Ohio\":{\"dimension:fb.author.age\":{\"25-34\":{\"%VALUE%\":4900,\"%REDACTED%\":false},\"35-44\":{\"%VALUE%\":4100,\"%REDACTED%\":false},\"18-24\":{\"%VALUE%\":3900,\"%REDACTED%\":false},\"45-54\":{\"%VALUE%\":3600,\"%REDACTED%\":false},\"55-64\":{\"%VALUE%\":2500,\"%REDACTED%\":false},\"65+\":{\"%VALUE%\":1400,\"%REDACTED%\":false}},\"%VALUE%\":20700,\"%REDACTED%\":false},\"Pennsylvania\":{\"dimension:fb.author.age\":{\"25-34\":{\"%VALUE%\":4700,\"%REDACTED%\":false},\"35-44\":{\"%VALUE%\":3900,\"%REDACTED%\":false},\"18-24\":{\"%VALUE%\":3600,\"%REDACTED%\":false},\"45-54\":{\"%VALUE%\":3500,\"%REDACTED%\":false},\"55-64\":{\"%VALUE%\":2300,\"%REDACTED%\":false},\"65+\":{\"%VALUE%\":1300,\"%REDACTED%\":false}},\"%VALUE%\":19600,\"%REDACTED%\":false},\"Georgia\":{\"dimension:fb.author.age\":{\"25-34\":{\"%VALUE%\":4300,\"%REDACTED%\":false},\"35-44\":{\"%VALUE%\":3700,\"%REDACTED%\":false},\"18-24\":{\"%VALUE%\":3400,\"%REDACTED%\":false},\"45-54\":{\"%VALUE%\":3000,\"%REDACTED%\":false},\"55-64\":{\"%VALUE%\":1800,\"%REDACTED%\":false},\"65+\":{\"%VALUE%\":1100,\"%REDACTED%\":false}},\"%VALUE%\":17500,\"%REDACTED%\":false},\"Michigan\":{\"dimension:fb.author.age\":{\"25-34\":{\"%VALUE%\":3900,\"%REDACTED%\":false},\"18-24\":{\"%VALUE%\":3500,\"%REDACTED%\":false},\"35-44\":{\"%VALUE%\":3400,\"%REDACTED%\":false},\"45-54\":{\"%VALUE%\":2900,\"%REDACTED%\":false},\"55-64\":{\"%VALUE%\":2100,\"%REDACTED%\":false},\"65+\":{\"%VALUE%\":1200,\"%REDACTED%\":false}},\"%VALUE%\":17200,\"%REDACTED%\":false},\"North Carolina\":{\"dimension:fb.author.age\":{\"25-34\":{\"%VALUE%\":3800,\"%REDACTED%\":false},\"35-44\":{\"%VALUE%\":3300,\"%REDACTED%\":false},\"18-24\":{\"%VALUE%\":3100,\"%REDACTED%\":false},\"45-54\":{\"%VALUE%\":2800,\"%REDACTED%\":false},\"55-64\":{\"%VALUE%\":1900,\"%REDACTED%\":false},\"65+\":{\"%VALUE%\":1000,\"%REDACTED%\":false}},\"%VALUE%\":16200,\"%REDACTED%\":false},\"New Jersey\":{\"dimension:fb.author.age\":{\"25-34\":{\"%VALUE%\":2800,\"%REDACTED%\":false},\"45-54\":{\"%VALUE%\":2600,\"%REDACTED%\":false},\"35-44\":{\"%VALUE%\":2500,\"%REDACTED%\":false},\"18-24\":{\"%VALUE%\":2100,\"%REDACTED%\":false},\"55-64\":{\"%VALUE%\":1700,\"%REDACTED%\":false},\"65+\":{\"%VALUE%\":1000,\"%REDACTED%\":false}},\"%VALUE%\":12900,\"%REDACTED%\":false},\"Tennessee\":{\"dimension:fb.author.age\":{\"25-34\":{\"%VALUE%\":3000,\"%REDACTED%\":false},\"35-44\":{\"%VALUE%\":2500,\"%REDACTED%\":false},\"18-24\":{\"%VALUE%\":2400,\"%REDACTED%\":false},\"45-54\":{\"%VALUE%\":2200,\"%REDACTED%\":false},\"55-64\":{\"%VALUE%\":1500,\"%REDACTED%\":false},\"65+\":{\"%VALUE%\":900,\"%REDACTED%\":false}},\"%VALUE%\":12600,\"%REDACTED%\":false},\"Indiana\":{\"dimension:fb.author.age\":{\"25-34\":{\"%VALUE%\":2800,\"%REDACTED%\":false},\"35-44\":{\"%VALUE%\":2500,\"%REDACTED%\":false},\"18-24\":{\"%VALUE%\":2400,\"%REDACTED%\":false},\"45-54\":{\"%VALUE%\":2000,\"%REDACTED%\":false},\"55-64\":{\"%VALUE%\":1500,\"%REDACTED%\":false},\"65+\":{\"%VALUE%\":800,\"%REDACTED%\":false}},\"%VALUE%\":12200,\"%REDACTED%\":false},\"Virginia\":{\"dimension:fb.author.age\":{\"25-34\":{\"%VALUE%\":2900,\"%REDACTED%\":false},\"35-44\":{\"%VALUE%\":2400,\"%REDACTED%\":false},\"18-24\":{\"%VALUE%\":2200,\"%REDACTED%\":false},\"45-54\":{\"%VALUE%\":2100,\"%REDACTED%\":false},\"55-64\":{\"%VALUE%\":1300,\"%REDACTED%\":false},\"65+\":{\"%VALUE%\":800,\"%REDACTED%\":false}},\"%VALUE%\":11900,\"%REDACTED%\":false},\"Missouri\":{\"dimension:fb.author.age\":{\"25-34\":{\"%VALUE%\":2700,\"%REDACTED%\":false},\"35-44\":{\"%VALUE%\":2200,\"%REDACTED%\":false},\"18-24\":{\"%VALUE%\":2200,\"%REDACTED%\":false},\"45-54\":{\"%VALUE%\":2000,\"%REDACTED%\":false},\"55-64\":{\"%VALUE%\":1500,\"%REDACTED%\":false},\"65+\":{\"%VALUE%\":800,\"%REDACTED%\":false}},\"%VALUE%\":11600,\"%REDACTED%\":false},\"Washington\":{\"dimension:fb.author.age\":{\"25-34\":{\"%VALUE%\":2600,\"%REDACTED%\":false},\"35-44\":{\"%VALUE%\":2300,\"%REDACTED%\":false},\"45-54\":{\"%VALUE%\":2000,\"%REDACTED%\":false},\"18-24\":{\"%VALUE%\":1700,\"%REDACTED%\":false},\"55-64\":{\"%VALUE%\":1500,\"%REDACTED%\":false},\"65+\":{\"%VALUE%\":900,\"%REDACTED%\":false}},\"%VALUE%\":11300,\"%REDACTED%\":false},\"Arizona\":{\"dimension:fb.author.age\":{\"25-34\":{\"%VALUE%\":2100,\"%REDACTED%\":false},\"35-44\":{\"%VALUE%\":1900,\"%REDACTED%\":false},\"18-24\":{\"%VALUE%\":1900,\"%REDACTED%\":false},\"45-54\":{\"%VALUE%\":1600,\"%REDACTED%\":false},\"55-64\":{\"%VALUE%\":1100,\"%REDACTED%\":false},\"65+\":{\"%VALUE%\":700,\"%REDACTED%\":false}},\"%VALUE%\":9700,\"%REDACTED%\":false},\"Alabama\":{\"dimension:fb.author.age\":{\"25-34\":{\"%VALUE%\":2100,\"%REDACTED%\":false},\"35-44\":{\"%VALUE%\":1900,\"%REDACTED%\":false},\"18-24\":{\"%VALUE%\":1800,\"%REDACTED%\":false},\"45-54\":{\"%VALUE%\":1500,\"%REDACTED%\":false},\"55-64\":{\"%VALUE%\":1100,\"%REDACTED%\":false},\"65+\":{\"%VALUE%\":600,\"%REDACTED%\":false}},\"%VALUE%\":9300,\"%REDACTED%\":false},\"Kentucky\":{\"dimension:fb.author.age\":{\"25-34\":{\"%VALUE%\":2000,\"%REDACTED%\":false},\"35-44\":{\"%VALUE%\":1800,\"%REDACTED%\":false},\"45-54\":{\"%VALUE%\":1600,\"%REDACTED%\":false},\"18-24\":{\"%VALUE%\":1600,\"%REDACTED%\":false},\"55-64\":{\"%VALUE%\":1100,\"%REDACTED%\":false},\"65+\":{\"%VALUE%\":600,\"%REDACTED%\":false}},\"%VALUE%\":9000,\"%REDACTED%\":false},\"Massachusetts\":{\"dimension:fb.author.age\":{\"25-34\":{\"%VALUE%\":2100,\"%REDACTED%\":false},\"35-44\":{\"%VALUE%\":1800,\"%REDACTED%\":false},\"45-54\":{\"%VALUE%\":1700,\"%REDACTED%\":false},\"18-24\":{\"%VALUE%\":1600,\"%REDACTED%\":false},\"55-64\":{\"%VALUE%\":1000,\"%REDACTED%\":false},\"65+\":{\"%VALUE%\":600,\"%REDACTED%\":false}},\"%VALUE%\":8900,\"%REDACTED%\":false},\"Louisiana\":{\"dimension:fb.author.age\":{\"25-34\":{\"%VALUE%\":2200,\"%REDACTED%\":false},\"35-44\":{\"%VALUE%\":1800,\"%REDACTED%\":false},\"18-24\":{\"%VALUE%\":1500,\"%REDACTED%\":false},\"45-54\":{\"%VALUE%\":1500,\"%REDACTED%\":false},\"55-64\":{\"%VALUE%\":1000,\"%REDACTED%\":false},\"65+\":{\"%VALUE%\":600,\"%REDACTED%\":false}},\"%VALUE%\":8800,\"%REDACTED%\":false},\"Wisconsin\":{\"dimension:fb.author.age\":{\"25-34\":{\"%VALUE%\":2100,\"%REDACTED%\":false},\"18-24\":{\"%VALUE%\":1800,\"%REDACTED%\":false},\"35-44\":{\"%VALUE%\":1600,\"%REDACTED%\":false},\"45-54\":{\"%VALUE%\":1400,\"%REDACTED%\":false},\"55-64\":{\"%VALUE%\":900,\"%REDACTED%\":false},\"65+\":{\"%VALUE%\":500,\"%REDACTED%\":false}},\"%VALUE%\":8400,\"%REDACTED%\":false},\"South Carolina\":{\"dimension:fb.author.age\":{\"25-34\":{\"%VALUE%\":2000,\"%REDACTED%\":false},\"35-44\":{\"%VALUE%\":1600,\"%REDACTED%\":false},\"18-24\":{\"%VALUE%\":1600,\"%REDACTED%\":false},\"45-54\":{\"%VALUE%\":1400,\"%REDACTED%\":false},\"55-64\":{\"%VALUE%\":900,\"%REDACTED%\":false},\"65+\":{\"%VALUE%\":500,\"%REDACTED%\":false}},\"%VALUE%\":8300,\"%REDACTED%\":false},\"Maryland\":{\"dimension:fb.author.age\":{\"25-34\":{\"%VALUE%\":1900,\"%REDACTED%\":false},\"35-44\":{\"%VALUE%\":1500,\"%REDACTED%\":false},\"18-24\":{\"%VALUE%\":1400,\"%REDACTED%\":false},\"45-54\":{\"%VALUE%\":1400,\"%REDACTED%\":false},\"55-64\":{\"%VALUE%\":900,\"%REDACTED%\":false},\"65+\":{\"%VALUE%\":400,\"%REDACTED%\":false}},\"%VALUE%\":7700,\"%REDACTED%\":false},\"Colorado\":{\"dimension:fb.author.age\":{\"25-34\":{\"%VALUE%\":1900,\"%REDACTED%\":false},\"35-44\":{\"%VALUE%\":1500,\"%REDACTED%\":false},\"18-24\":{\"%VALUE%\":1500,\"%REDACTED%\":false},\"45-54\":{\"%VALUE%\":1300,\"%REDACTED%\":false},\"55-64\":{\"%VALUE%\":800,\"%REDACTED%\":false},\"65+\":{\"%VALUE%\":500,\"%REDACTED%\":false}},\"%VALUE%\":7600,\"%REDACTED%\":false},\"Oklahoma\":{\"dimension:fb.author.age\":{\"25-34\":{\"%VALUE%\":1800,\"%REDACTED%\":false},\"35-44\":{\"%VALUE%\":1500,\"%REDACTED%\":false},\"18-24\":{\"%VALUE%\":1300,\"%REDACTED%\":false},\"45-54\":{\"%VALUE%\":1300,\"%REDACTED%\":false},\"55-64\":{\"%VALUE%\":900,\"%REDACTED%\":false},\"65+\":{\"%VALUE%\":500,\"%REDACTED%\":false}},\"%VALUE%\":7600,\"%REDACTED%\":false},\"Minnesota\":{\"dimension:fb.author.age\":{\"25-34\":{\"%VALUE%\":1600,\"%REDACTED%\":false},\"35-44\":{\"%VALUE%\":1300,\"%REDACTED%\":false},\"18-24\":{\"%VALUE%\":1300,\"%REDACTED%\":false},\"45-54\":{\"%VALUE%\":1100,\"%REDACTED%\":false},\"55-64\":{\"%VALUE%\":700,\"%REDACTED%\":false},\"65+\":{\"%VALUE%\":400,\"%REDACTED%\":false}},\"%VALUE%\":6600,\"%REDACTED%\":false},\"Oregon\":{\"dimension:fb.author.age\":{\"25-34\":{\"%VALUE%\":1300,\"%REDACTED%\":false},\"35-44\":{\"%VALUE%\":1200,\"%REDACTED%\":false},\"45-54\":{\"%VALUE%\":900,\"%REDACTED%\":false},\"18-24\":{\"%VALUE%\":900,\"%REDACTED%\":false},\"55-64\":{\"%VALUE%\":800,\"%REDACTED%\":false},\"65+\":{\"%VALUE%\":500,\"%REDACTED%\":false}},\"%VALUE%\":5900,\"%REDACTED%\":false},\"Arkansas\":{\"dimension:fb.author.age\":{\"25-34\":{\"%VALUE%\":1300,\"%REDACTED%\":false},\"35-44\":{\"%VALUE%\":1100,\"%REDACTED%\":false},\"18-24\":{\"%VALUE%\":1100,\"%REDACTED%\":false},\"45-54\":{\"%VALUE%\":900,\"%REDACTED%\":false},\"55-64\":{\"%VALUE%\":700,\"%REDACTED%\":false},\"65+\":{\"%VALUE%\":400,\"%REDACTED%\":false}},\"%VALUE%\":5900,\"%REDACTED%\":false},\"Mississippi\":{\"dimension:fb.author.age\":{\"25-34\":{\"%VALUE%\":1300,\"%REDACTED%\":false},\"18-24\":{\"%VALUE%\":1200,\"%REDACTED%\":false},\"35-44\":{\"%VALUE%\":1100,\"%REDACTED%\":false},\"45-54\":{\"%VALUE%\":900,\"%REDACTED%\":false},\"55-64\":{\"%VALUE%\":600,\"%REDACTED%\":false},\"65+\":{\"%VALUE%\":300,\"%REDACTED%\":false}},\"%VALUE%\":5700,\"%REDACTED%\":false},\"Nevada\":{\"dimension:fb.author.age\":{\"25-34\":{\"%VALUE%\":1100,\"%REDACTED%\":false},\"35-44\":{\"%VALUE%\":1000,\"%REDACTED%\":false},\"18-24\":{\"%VALUE%\":900,\"%REDACTED%\":false},\"45-54\":{\"%VALUE%\":800,\"%REDACTED%\":false},\"55-64\":{\"%VALUE%\":500,\"%REDACTED%\":false},\"65+\":{\"%VALUE%\":300,\"%REDACTED%\":false}},\"%VALUE%\":4900,\"%REDACTED%\":false},\"Iowa\":{\"dimension:fb.author.age\":{\"25-34\":{\"%VALUE%\":1100,\"%REDACTED%\":false},\"35-44\":{\"%VALUE%\":900,\"%REDACTED%\":false},\"18-24\":{\"%VALUE%\":900,\"%REDACTED%\":false},\"45-54\":{\"%VALUE%\":800,\"%REDACTED%\":false},\"55-64\":{\"%VALUE%\":600,\"%REDACTED%\":false},\"65+\":{\"%VALUE%\":300,\"%REDACTED%\":false}},\"%VALUE%\":4900,\"%REDACTED%\":false},\"Kansas\":{\"dimension:fb.author.age\":{\"25-34\":{\"%VALUE%\":1100,\"%REDACTED%\":false},\"18-24\":{\"%VALUE%\":900,\"%REDACTED%\":false},\"35-44\":{\"%VALUE%\":900,\"%REDACTED%\":false},\"45-54\":{\"%VALUE%\":800,\"%REDACTED%\":false},\"55-64\":{\"%VALUE%\":500,\"%REDACTED%\":false},\"65+\":{\"%VALUE%\":300,\"%REDACTED%\":false}},\"%VALUE%\":4800,\"%REDACTED%\":false},\"Connecticut\":{\"dimension:fb.author.age\":{\"25-34\":{\"%VALUE%\":1100,\"%REDACTED%\":false},\"35-44\":{\"%VALUE%\":900,\"%REDACTED%\":false},\"18-24\":{\"%VALUE%\":900,\"%REDACTED%\":false},\"45-54\":{\"%VALUE%\":800,\"%REDACTED%\":false},\"55-64\":{\"%VALUE%\":500,\"%REDACTED%\":false},\"65+\":{\"%VALUE%\":200,\"%REDACTED%\":false}},\"%VALUE%\":4700,\"%REDACTED%\":false},\"West Virginia\":{\"dimension:fb.author.age\":{\"35-44\":{\"%VALUE%\":900,\"%REDACTED%\":false},\"25-34\":{\"%VALUE%\":900,\"%REDACTED%\":false},\"45-54\":{\"%VALUE%\":800,\"%REDACTED%\":false},\"18-24\":{\"%VALUE%\":700,\"%REDACTED%\":false},\"55-64\":{\"%VALUE%\":500,\"%REDACTED%\":false},\"65+\":{\"%VALUE%\":300,\"%REDACTED%\":false}},\"%VALUE%\":4300,\"%REDACTED%\":false},\"Utah\":{\"dimension:fb.author.age\":{\"25-34\":{\"%VALUE%\":800,\"%REDACTED%\":false},\"18-24\":{\"%VALUE%\":700,\"%REDACTED%\":false},\"35-44\":{\"%VALUE%\":700,\"%REDACTED%\":false},\"45-54\":{\"%VALUE%\":500,\"%REDACTED%\":false},\"55-64\":{\"%VALUE%\":300,\"%REDACTED%\":false},\"65+\":{\"%VALUE%\":200,\"%REDACTED%\":false}},\"%VALUE%\":3500,\"%REDACTED%\":false},\"New Mexico\":{\"dimension:fb.author.age\":{\"25-34\":{\"%VALUE%\":700,\"%REDACTED%\":false},\"35-44\":{\"%VALUE%\":600,\"%REDACTED%\":false},\"18-24\":{\"%VALUE%\":600,\"%REDACTED%\":false},\"45-54\":{\"%VALUE%\":500,\"%REDACTED%\":false},\"55-64\":{\"%VALUE%\":300,\"%REDACTED%\":false},\"65+\":{\"%VALUE%\":200,\"%REDACTED%\":false}},\"%VALUE%\":3000,\"%REDACTED%\":false},\"Nebraska\":{\"dimension:fb.author.age\":{\"25-34\":{\"%VALUE%\":600,\"%REDACTED%\":false},\"18-24\":{\"%VALUE%\":500,\"%REDACTED%\":false},\"35-44\":{\"%VALUE%\":500,\"%REDACTED%\":false},\"45-54\":{\"%VALUE%\":400,\"%REDACTED%\":false},\"55-64\":{\"%VALUE%\":300,\"%REDACTED%\":false},\"65+\":{\"%VALUE%\":200,\"%REDACTED%\":false}},\"%VALUE%\":2800,\"%REDACTED%\":false},\"Idaho\":{\"dimension:fb.author.age\":{\"25-34\":{\"%VALUE%\":500,\"%REDACTED%\":false},\"35-44\":{\"%VALUE%\":400,\"%REDACTED%\":false},\"18-24\":{\"%VALUE%\":400,\"%REDACTED%\":false},\"45-54\":{\"%VALUE%\":300,\"%REDACTED%\":false},\"55-64\":{\"%VALUE%\":300,\"%REDACTED%\":false},\"65+\":{\"%VALUE%\":100,\"%REDACTED%\":false}},\"%VALUE%\":2300,\"%REDACTED%\":false},\"Maine\":{\"dimension:fb.author.age\":{\"25-34\":{\"%VALUE%\":400,\"%REDACTED%\":false},\"35-44\":{\"%VALUE%\":400,\"%REDACTED%\":false},\"45-54\":{\"%VALUE%\":400,\"%REDACTED%\":false},\"18-24\":{\"%VALUE%\":300,\"%REDACTED%\":false},\"55-64\":{\"%VALUE%\":300,\"%REDACTED%\":false},\"65+\":{\"%VALUE%\":200,\"%REDACTED%\":false}},\"%VALUE%\":2200,\"%REDACTED%\":false},\"District of Columbia\":{\"dimension:fb.author.age\":{\"25-34\":{\"%VALUE%\":600,\"%REDACTED%\":false},\"35-44\":{\"%VALUE%\":500,\"%REDACTED%\":false},\"18-24\":{\"%VALUE%\":300,\"%REDACTED%\":false},\"45-54\":{\"%VALUE%\":300,\"%REDACTED%\":false},\"55-64\":{\"%VALUE%\":100,\"%REDACTED%\":false}},\"%VALUE%\":2100,\"%REDACTED%\":false},\"Hawaii\":{\"dimension:fb.author.age\":{\"25-34\":{\"%VALUE%\":500,\"%REDACTED%\":false},\"35-44\":{\"%VALUE%\":400,\"%REDACTED%\":false},\"18-24\":{\"%VALUE%\":300,\"%REDACTED%\":false},\"45-54\":{\"%VALUE%\":300,\"%REDACTED%\":false},\"55-64\":{\"%VALUE%\":200,\"%REDACTED%\":false},\"65+\":{\"%VALUE%\":100,\"%REDACTED%\":false}},\"%VALUE%\":2000,\"%REDACTED%\":false},\"New Hampshire\":{\"dimension:fb.author.age\":{\"35-44\":{\"%VALUE%\":400,\"%REDACTED%\":false},\"25-34\":{\"%VALUE%\":400,\"%REDACTED%\":false},\"45-54\":{\"%VALUE%\":300,\"%REDACTED%\":false},\"18-24\":{\"%VALUE%\":300,\"%REDACTED%\":false},\"55-64\":{\"%VALUE%\":200,\"%REDACTED%\":false},\"65+\":{\"%VALUE%\":100,\"%REDACTED%\":false}},\"%VALUE%\":1900,\"%REDACTED%\":false},\"Rhode Island\":{\"dimension:fb.author.age\":{\"25-34\":{\"%VALUE%\":300,\"%REDACTED%\":false},\"18-24\":{\"%VALUE%\":300,\"%REDACTED%\":false},\"35-44\":{\"%VALUE%\":300,\"%REDACTED%\":false},\"45-54\":{\"%VALUE%\":300,\"%REDACTED%\":false},\"55-64\":{\"%VALUE%\":100,\"%REDACTED%\":false},\"65+\":{\"%VALUE%\":100,\"%REDACTED%\":false}},\"%VALUE%\":1600,\"%REDACTED%\":false},\"Montana\":{\"dimension:fb.author.age\":{\"25-34\":{\"%VALUE%\":300,\"%REDACTED%\":false},\"35-44\":{\"%VALUE%\":300,\"%REDACTED%\":false},\"45-54\":{\"%VALUE%\":200,\"%REDACTED%\":false},\"18-24\":{\"%VALUE%\":200,\"%REDACTED%\":false},\"55-64\":{\"%VALUE%\":200,\"%REDACTED%\":false},\"65+\":{\"%VALUE%\":100,\"%REDACTED%\":false}},\"%VALUE%\":1500,\"%REDACTED%\":false},\"Delaware\":{\"dimension:fb.author.age\":{\"25-34\":{\"%VALUE%\":300,\"%REDACTED%\":false},\"35-44\":{\"%VALUE%\":200,\"%REDACTED%\":false},\"45-54\":{\"%VALUE%\":200,\"%REDACTED%\":false},\"18-24\":{\"%VALUE%\":200,\"%REDACTED%\":false},\"55-64\":{\"%VALUE%\":100,\"%REDACTED%\":false}},\"%VALUE%\":1300,\"%REDACTED%\":false},\"South Dakota\":{\"dimension:fb.author.age\":{\"25-34\":{\"%VALUE%\":300,\"%REDACTED%\":false},\"18-24\":{\"%VALUE%\":200,\"%REDACTED%\":false},\"35-44\":{\"%VALUE%\":200,\"%REDACTED%\":false},\"45-54\":{\"%VALUE%\":200,\"%REDACTED%\":false},\"55-64\":{\"%VALUE%\":100,\"%REDACTED%\":false}},\"%VALUE%\":1300,\"%REDACTED%\":false},\"Alaska\":{\"dimension:fb.author.age\":{\"25-34\":{\"%VALUE%\":300,\"%REDACTED%\":false},\"35-44\":{\"%VALUE%\":200,\"%REDACTED%\":false},\"45-54\":{\"%VALUE%\":200,\"%REDACTED%\":false},\"18-24\":{\"%VALUE%\":200,\"%REDACTED%\":false},\"55-64\":{\"%VALUE%\":100,\"%REDACTED%\":false}},\"%VALUE%\":1300,\"%REDACTED%\":false},\"North Dakota\":{\"dimension:fb.author.age\":{\"25-34\":{\"%VALUE%\":200,\"%REDACTED%\":false},\"18-24\":{\"%VALUE%\":200,\"%REDACTED%\":false},\"35-44\":{\"%VALUE%\":200,\"%REDACTED%\":false},\"45-54\":{\"%VALUE%\":200,\"%REDACTED%\":false},\"55-64\":{\"%VALUE%\":100,\"%REDACTED%\":false}},\"%VALUE%\":1100,\"%REDACTED%\":false},\"Wyoming\":{\"dimension:fb.author.age\":{\"25-34\":{\"%VALUE%\":200,\"%REDACTED%\":false},\"35-44\":{\"%VALUE%\":100,\"%REDACTED%\":false},\"18-24\":{\"%VALUE%\":100,\"%REDACTED%\":false},\"45-54\":{\"%VALUE%\":100,\"%REDACTED%\":false},\"55-64\":{\"%VALUE%\":100,\"%REDACTED%\":false}},\"%VALUE%\":1000,\"%REDACTED%\":false},\"Vermont\":{\"dimension:fb.author.age\":{\"25-34\":{\"%VALUE%\":200,\"%REDACTED%\":false},\"18-24\":{\"%VALUE%\":100,\"%REDACTED%\":false},\"45-54\":{\"%VALUE%\":100,\"%REDACTED%\":false},\"35-44\":{\"%VALUE%\":100,\"%REDACTED%\":false},\"55-64\":{\"%VALUE%\":100,\"%REDACTED%\":false}},\"%VALUE%\":800,\"%REDACTED%\":false}},\"%REDACTED%\":false,\"%VALUE%\":507000},\"measure:unique_authors\":{\"dimension:fb.author.region\":{\"California\":{\"dimension:fb.author.age\":{\"25-34\":{\"%VALUE%\":10800,\"%REDACTED%\":false},\"35-44\":{\"%VALUE%\":9400,\"%REDACTED%\":false},\"45-54\":{\"%VALUE%\":8100,\"%REDACTED%\":false},\"18-24\":{\"%VALUE%\":7800,\"%REDACTED%\":false},\"55-64\":{\"%VALUE%\":5300,\"%REDACTED%\":false},\"65+\":{\"%VALUE%\":3200,\"%REDACTED%\":false}},\"%VALUE%\":44100,\"%REDACTED%\":false},\"Texas\":{\"dimension:fb.author.age\":{\"25-34\":{\"%VALUE%\":11300,\"%REDACTED%\":false},\"35-44\":{\"%VALUE%\":9800,\"%REDACTED%\":false},\"18-24\":{\"%VALUE%\":8100,\"%REDACTED%\":false},\"45-54\":{\"%VALUE%\":7500,\"%REDACTED%\":false},\"55-64\":{\"%VALUE%\":5000,\"%REDACTED%\":false},\"65+\":{\"%VALUE%\":2900,\"%REDACTED%\":false}},\"%VALUE%\":45600,\"%REDACTED%\":false},\"Florida\":{\"dimension:fb.author.age\":{\"25-34\":{\"%VALUE%\":7900,\"%REDACTED%\":false},\"35-44\":{\"%VALUE%\":6700,\"%REDACTED%\":false},\"45-54\":{\"%VALUE%\":6000,\"%REDACTED%\":false},\"18-24\":{\"%VALUE%\":5600,\"%REDACTED%\":false},\"55-64\":{\"%VALUE%\":4200,\"%REDACTED%\":false},\"65+\":{\"%VALUE%\":2900,\"%REDACTED%\":false}},\"%VALUE%\":33800,\"%REDACTED%\":false},\"New York\":{\"dimension:fb.author.age\":{\"25-34\":{\"%VALUE%\":7700,\"%REDACTED%\":false},\"18-24\":{\"%VALUE%\":6100,\"%REDACTED%\":false},\"35-44\":{\"%VALUE%\":5900,\"%REDACTED%\":false},\"45-54\":{\"%VALUE%\":5100,\"%REDACTED%\":false},\"55-64\":{\"%VALUE%\":3100,\"%REDACTED%\":false},\"65+\":{\"%VALUE%\":2000,\"%REDACTED%\":false}},\"%VALUE%\":30500,\"%REDACTED%\":false},\"Illinois\":{\"dimension:fb.author.age\":{\"25-34\":{\"%VALUE%\":4800,\"%REDACTED%\":false},\"18-24\":{\"%VALUE%\":4500,\"%REDACTED%\":false},\"35-44\":{\"%VALUE%\":4300,\"%REDACTED%\":false},\"45-54\":{\"%VALUE%\":3400,\"%REDACTED%\":false},\"55-64\":{\"%VALUE%\":2100,\"%REDACTED%\":false},\"65+\":{\"%VALUE%\":1200,\"%REDACTED%\":false}},\"%VALUE%\":20100,\"%REDACTED%\":false},\"Ohio\":{\"dimension:fb.author.age\":{\"25-34\":{\"%VALUE%\":4500,\"%REDACTED%\":false},\"35-44\":{\"%VALUE%\":3900,\"%REDACTED%\":false},\"18-24\":{\"%VALUE%\":3500,\"%REDACTED%\":false},\"45-54\":{\"%VALUE%\":3500,\"%REDACTED%\":false},\"55-64\":{\"%VALUE%\":2500,\"%REDACTED%\":false},\"65+\":{\"%VALUE%\":1400,\"%REDACTED%\":false}},\"%VALUE%\":19700,\"%REDACTED%\":false},\"Pennsylvania\":{\"dimension:fb.author.age\":{\"25-34\":{\"%VALUE%\":4400,\"%REDACTED%\":false},\"35-44\":{\"%VALUE%\":3700,\"%REDACTED%\":false},\"18-24\":{\"%VALUE%\":3200,\"%REDACTED%\":false},\"45-54\":{\"%VALUE%\":3500,\"%REDACTED%\":false},\"55-64\":{\"%VALUE%\":2300,\"%REDACTED%\":false},\"65+\":{\"%VALUE%\":1200,\"%REDACTED%\":false}},\"%VALUE%\":18000,\"%REDACTED%\":false},\"Georgia\":{\"dimension:fb.author.age\":{\"25-34\":{\"%VALUE%\":4300,\"%REDACTED%\":false},\"35-44\":{\"%VALUE%\":3700,\"%REDACTED%\":false},\"18-24\":{\"%VALUE%\":3300,\"%REDACTED%\":false},\"45-54\":{\"%VALUE%\":3000,\"%REDACTED%\":false},\"55-64\":{\"%VALUE%\":1700,\"%REDACTED%\":false},\"65+\":{\"%VALUE%\":1000,\"%REDACTED%\":false}},\"%VALUE%\":17500,\"%REDACTED%\":false},\"Michigan\":{\"dimension:fb.author.age\":{\"25-34\":{\"%VALUE%\":3900,\"%REDACTED%\":false},\"18-24\":{\"%VALUE%\":3400,\"%REDACTED%\":false},\"35-44\":{\"%VALUE%\":3300,\"%REDACTED%\":false},\"45-54\":{\"%VALUE%\":2800,\"%REDACTED%\":false},\"55-64\":{\"%VALUE%\":2100,\"%REDACTED%\":false},\"65+\":{\"%VALUE%\":1200,\"%REDACTED%\":false}},\"%VALUE%\":16100,\"%REDACTED%\":false},\"North Carolina\":{\"dimension:fb.author.age\":{\"25-34\":{\"%VALUE%\":3700,\"%REDACTED%\":false},\"35-44\":{\"%VALUE%\":3200,\"%REDACTED%\":false},\"18-24\":{\"%VALUE%\":3100,\"%REDACTED%\":false},\"45-54\":{\"%VALUE%\":2600,\"%REDACTED%\":false},\"55-64\":{\"%VALUE%\":1800,\"%REDACTED%\":false},\"65+\":{\"%VALUE%\":1000,\"%REDACTED%\":false}},\"%VALUE%\":15400,\"%REDACTED%\":false},\"New Jersey\":{\"dimension:fb.author.age\":{\"25-34\":{\"%VALUE%\":2600,\"%REDACTED%\":false},\"45-54\":{\"%VALUE%\":2500,\"%REDACTED%\":false},\"35-44\":{\"%VALUE%\":2500,\"%REDACTED%\":false},\"18-24\":{\"%VALUE%\":2000,\"%REDACTED%\":false},\"55-64\":{\"%VALUE%\":1700,\"%REDACTED%\":false},\"65+\":{\"%VALUE%\":1000,\"%REDACTED%\":false}},\"%VALUE%\":12600,\"%REDACTED%\":false},\"Tennessee\":{\"dimension:fb.author.age\":{\"25-34\":{\"%VALUE%\":2900,\"%REDACTED%\":false},\"35-44\":{\"%VALUE%\":2400,\"%REDACTED%\":false},\"18-24\":{\"%VALUE%\":2400,\"%REDACTED%\":false},\"45-54\":{\"%VALUE%\":2100,\"%REDACTED%\":false},\"55-64\":{\"%VALUE%\":1400,\"%REDACTED%\":false},\"65+\":{\"%VALUE%\":800,\"%REDACTED%\":false}},\"%VALUE%\":12200,\"%REDACTED%\":false},\"Indiana\":{\"dimension:fb.author.age\":{\"25-34\":{\"%VALUE%\":2800,\"%REDACTED%\":false},\"35-44\":{\"%VALUE%\":2500,\"%REDACTED%\":false},\"18-24\":{\"%VALUE%\":2300,\"%REDACTED%\":false},\"45-54\":{\"%VALUE%\":2000,\"%REDACTED%\":false},\"55-64\":{\"%VALUE%\":1400,\"%REDACTED%\":false},\"65+\":{\"%VALUE%\":800,\"%REDACTED%\":false}},\"%VALUE%\":12100,\"%REDACTED%\":false},\"Virginia\":{\"dimension:fb.author.age\":{\"25-34\":{\"%VALUE%\":2900,\"%REDACTED%\":false},\"35-44\":{\"%VALUE%\":2300,\"%REDACTED%\":false},\"18-24\":{\"%VALUE%\":2100,\"%REDACTED%\":false},\"45-54\":{\"%VALUE%\":2000,\"%REDACTED%\":false},\"55-64\":{\"%VALUE%\":1200,\"%REDACTED%\":false},\"65+\":{\"%VALUE%\":700,\"%REDACTED%\":false}},\"%VALUE%\":11900,\"%REDACTED%\":false},\"Missouri\":{\"dimension:fb.author.age\":{\"25-34\":{\"%VALUE%\":2600,\"%REDACTED%\":false},\"35-44\":{\"%VALUE%\":2200,\"%REDACTED%\":false},\"18-24\":{\"%VALUE%\":2100,\"%REDACTED%\":false},\"45-54\":{\"%VALUE%\":1800,\"%REDACTED%\":false},\"55-64\":{\"%VALUE%\":1400,\"%REDACTED%\":false},\"65+\":{\"%VALUE%\":800,\"%REDACTED%\":false}},\"%VALUE%\":11300,\"%REDACTED%\":false},\"Washington\":{\"dimension:fb.author.age\":{\"25-34\":{\"%VALUE%\":2600,\"%REDACTED%\":false},\"35-44\":{\"%VALUE%\":2300,\"%REDACTED%\":false},\"45-54\":{\"%VALUE%\":2000,\"%REDACTED%\":false},\"18-24\":{\"%VALUE%\":1700,\"%REDACTED%\":false},\"55-64\":{\"%VALUE%\":1400,\"%REDACTED%\":false},\"65+\":{\"%VALUE%\":800,\"%REDACTED%\":false}},\"%VALUE%\":11200,\"%REDACTED%\":false},\"Arizona\":{\"dimension:fb.author.age\":{\"25-34\":{\"%VALUE%\":2100,\"%REDACTED%\":false},\"35-44\":{\"%VALUE%\":1800,\"%REDACTED%\":false},\"18-24\":{\"%VALUE%\":1900,\"%REDACTED%\":false},\"45-54\":{\"%VALUE%\":1600,\"%REDACTED%\":false},\"55-64\":{\"%VALUE%\":1100,\"%REDACTED%\":false},\"65+\":{\"%VALUE%\":700,\"%REDACTED%\":false}},\"%VALUE%\":9300,\"%REDACTED%\":false},\"Alabama\":{\"dimension:fb.author.age\":{\"25-34\":{\"%VALUE%\":2100,\"%REDACTED%\":false},\"35-44\":{\"%VALUE%\":1800,\"%REDACTED%\":false},\"18-24\":{\"%VALUE%\":1800,\"%REDACTED%\":false},\"45-54\":{\"%VALUE%\":1500,\"%REDACTED%\":false},\"55-64\":{\"%VALUE%\":1100,\"%REDACTED%\":false},\"65+\":{\"%VALUE%\":600,\"%REDACTED%\":false}},\"%VALUE%\":8500,\"%REDACTED%\":false},\"Kentucky\":{\"dimension:fb.author.age\":{\"25-34\":{\"%VALUE%\":2000,\"%REDACTED%\":false},\"35-44\":{\"%VALUE%\":1800,\"%REDACTED%\":false},\"45-54\":{\"%VALUE%\":1600,\"%REDACTED%\":false},\"18-24\":{\"%VALUE%\":1600,\"%REDACTED%\":false},\"55-64\":{\"%VALUE%\":1100,\"%REDACTED%\":false},\"65+\":{\"%VALUE%\":600,\"%REDACTED%\":false}},\"%VALUE%\":9000,\"%REDACTED%\":false},\"Massachusetts\":{\"dimension:fb.author.age\":{\"25-34\":{\"%VALUE%\":2100,\"%REDACTED%\":false},\"35-44\":{\"%VALUE%\":1700,\"%REDACTED%\":false},\"45-54\":{\"%VALUE%\":1600,\"%REDACTED%\":false},\"18-24\":{\"%VALUE%\":1500,\"%REDACTED%\":false},\"55-64\":{\"%VALUE%\":900,\"%REDACTED%\":false},\"65+\":{\"%VALUE%\":600,\"%REDACTED%\":false}},\"%VALUE%\":8800,\"%REDACTED%\":false},\"Louisiana\":{\"dimension:fb.author.age\":{\"25-34\":{\"%VALUE%\":2200,\"%REDACTED%\":false},\"35-44\":{\"%VALUE%\":1700,\"%REDACTED%\":false},\"18-24\":{\"%VALUE%\":1500,\"%REDACTED%\":false},\"45-54\":{\"%VALUE%\":1500,\"%REDACTED%\":false},\"55-64\":{\"%VALUE%\":1000,\"%REDACTED%\":false},\"65+\":{\"%VALUE%\":600,\"%REDACTED%\":false}},\"%VALUE%\":8800,\"%REDACTED%\":false},\"Wisconsin\":{\"dimension:fb.author.age\":{\"25-34\":{\"%VALUE%\":2000,\"%REDACTED%\":false},\"18-24\":{\"%VALUE%\":1700,\"%REDACTED%\":false},\"35-44\":{\"%VALUE%\":1600,\"%REDACTED%\":false},\"45-54\":{\"%VALUE%\":1300,\"%REDACTED%\":false},\"55-64\":{\"%VALUE%\":900,\"%REDACTED%\":false},\"65+\":{\"%VALUE%\":500,\"%REDACTED%\":false}},\"%VALUE%\":7900,\"%REDACTED%\":false},\"South Carolina\":{\"dimension:fb.author.age\":{\"25-34\":{\"%VALUE%\":1900,\"%REDACTED%\":false},\"35-44\":{\"%VALUE%\":1600,\"%REDACTED%\":false},\"18-24\":{\"%VALUE%\":1600,\"%REDACTED%\":false},\"45-54\":{\"%VALUE%\":1300,\"%REDACTED%\":false},\"55-64\":{\"%VALUE%\":900,\"%REDACTED%\":false},\"65+\":{\"%VALUE%\":500,\"%REDACTED%\":false}},\"%VALUE%\":7800,\"%REDACTED%\":false},\"Maryland\":{\"dimension:fb.author.age\":{\"25-34\":{\"%VALUE%\":1800,\"%REDACTED%\":false},\"35-44\":{\"%VALUE%\":1400,\"%REDACTED%\":false},\"18-24\":{\"%VALUE%\":1300,\"%REDACTED%\":false},\"45-54\":{\"%VALUE%\":1300,\"%REDACTED%\":false},\"55-64\":{\"%VALUE%\":800,\"%REDACTED%\":false},\"65+\":{\"%VALUE%\":400,\"%REDACTED%\":false}},\"%VALUE%\":7400,\"%REDACTED%\":false},\"Colorado\":{\"dimension:fb.author.age\":{\"25-34\":{\"%VALUE%\":1800,\"%REDACTED%\":false},\"35-44\":{\"%VALUE%\":1400,\"%REDACTED%\":false},\"18-24\":{\"%VALUE%\":1400,\"%REDACTED%\":false},\"45-54\":{\"%VALUE%\":1200,\"%REDACTED%\":false},\"55-64\":{\"%VALUE%\":800,\"%REDACTED%\":false},\"65+\":{\"%VALUE%\":500,\"%REDACTED%\":false}},\"%VALUE%\":7500,\"%REDACTED%\":false},\"Oklahoma\":{\"dimension:fb.author.age\":{\"25-34\":{\"%VALUE%\":1800,\"%REDACTED%\":false},\"35-44\":{\"%VALUE%\":1500,\"%REDACTED%\":false},\"18-24\":{\"%VALUE%\":1300,\"%REDACTED%\":false},\"45-54\":{\"%VALUE%\":1300,\"%REDACTED%\":false},\"55-64\":{\"%VALUE%\":900,\"%REDACTED%\":false},\"65+\":{\"%VALUE%\":500,\"%REDACTED%\":false}},\"%VALUE%\":7500,\"%REDACTED%\":false},\"Minnesota\":{\"dimension:fb.author.age\":{\"25-34\":{\"%VALUE%\":1500,\"%REDACTED%\":false},\"35-44\":{\"%VALUE%\":1200,\"%REDACTED%\":false},\"18-24\":{\"%VALUE%\":1200,\"%REDACTED%\":false},\"45-54\":{\"%VALUE%\":1100,\"%REDACTED%\":false},\"55-64\":{\"%VALUE%\":700,\"%REDACTED%\":false},\"65+\":{\"%VALUE%\":400,\"%REDACTED%\":false}},\"%VALUE%\":6000,\"%REDACTED%\":false},\"Oregon\":{\"dimension:fb.author.age\":{\"25-34\":{\"%VALUE%\":1300,\"%REDACTED%\":false},\"35-44\":{\"%VALUE%\":1200,\"%REDACTED%\":false},\"45-54\":{\"%VALUE%\":900,\"%REDACTED%\":false},\"18-24\":{\"%VALUE%\":900,\"%REDACTED%\":false},\"55-64\":{\"%VALUE%\":800,\"%REDACTED%\":false},\"65+\":{\"%VALUE%\":500,\"%REDACTED%\":false}},\"%VALUE%\":5800,\"%REDACTED%\":false},\"Arkansas\":{\"dimension:fb.author.age\":{\"25-34\":{\"%VALUE%\":1300,\"%REDACTED%\":false},\"35-44\":{\"%VALUE%\":1100,\"%REDACTED%\":false},\"18-24\":{\"%VALUE%\":1000,\"%REDACTED%\":false},\"45-54\":{\"%VALUE%\":900,\"%REDACTED%\":false},\"55-64\":{\"%VALUE%\":700,\"%REDACTED%\":false},\"65+\":{\"%VALUE%\":400,\"%REDACTED%\":false}},\"%VALUE%\":5800,\"%REDACTED%\":false},\"Mississippi\":{\"dimension:fb.author.age\":{\"25-34\":{\"%VALUE%\":1300,\"%REDACTED%\":false},\"18-24\":{\"%VALUE%\":1100,\"%REDACTED%\":false},\"35-44\":{\"%VALUE%\":1100,\"%REDACTED%\":false},\"45-54\":{\"%VALUE%\":800,\"%REDACTED%\":false},\"55-64\":{\"%VALUE%\":600,\"%REDACTED%\":false},\"65+\":{\"%VALUE%\":300,\"%REDACTED%\":false}},\"%VALUE%\":5500,\"%REDACTED%\":false},\"Nevada\":{\"dimension:fb.author.age\":{\"25-34\":{\"%VALUE%\":1100,\"%REDACTED%\":false},\"35-44\":{\"%VALUE%\":1000,\"%REDACTED%\":false},\"18-24\":{\"%VALUE%\":900,\"%REDACTED%\":false},\"45-54\":{\"%VALUE%\":800,\"%REDACTED%\":false},\"55-64\":{\"%VALUE%\":500,\"%REDACTED%\":false},\"65+\":{\"%VALUE%\":300,\"%REDACTED%\":false}},\"%VALUE%\":4700,\"%REDACTED%\":false},\"Iowa\":{\"dimension:fb.author.age\":{\"25-34\":{\"%VALUE%\":1100,\"%REDACTED%\":false},\"35-44\":{\"%VALUE%\":900,\"%REDACTED%\":false},\"18-24\":{\"%VALUE%\":900,\"%REDACTED%\":false},\"45-54\":{\"%VALUE%\":800,\"%REDACTED%\":false},\"55-64\":{\"%VALUE%\":600,\"%REDACTED%\":false},\"65+\":{\"%VALUE%\":300,\"%REDACTED%\":false}},\"%VALUE%\":4900,\"%REDACTED%\":false},\"Kansas\":{\"dimension:fb.author.age\":{\"25-34\":{\"%VALUE%\":1100,\"%REDACTED%\":false},\"18-24\":{\"%VALUE%\":900,\"%REDACTED%\":false},\"35-44\":{\"%VALUE%\":900,\"%REDACTED%\":false},\"45-54\":{\"%VALUE%\":800,\"%REDACTED%\":false},\"55-64\":{\"%VALUE%\":500,\"%REDACTED%\":false},\"65+\":{\"%VALUE%\":300,\"%REDACTED%\":false}},\"%VALUE%\":4400,\"%REDACTED%\":false},\"Connecticut\":{\"dimension:fb.author.age\":{\"25-34\":{\"%VALUE%\":1100,\"%REDACTED%\":false},\"35-44\":{\"%VALUE%\":900,\"%REDACTED%\":false},\"18-24\":{\"%VALUE%\":800,\"%REDACTED%\":false},\"45-54\":{\"%VALUE%\":800,\"%REDACTED%\":false},\"55-64\":{\"%VALUE%\":500,\"%REDACTED%\":false},\"65+\":{\"%VALUE%\":200,\"%REDACTED%\":false}},\"%VALUE%\":4400,\"%REDACTED%\":false},\"West Virginia\":{\"dimension:fb.author.age\":{\"35-44\":{\"%VALUE%\":800,\"%REDACTED%\":false},\"25-34\":{\"%VALUE%\":800,\"%REDACTED%\":false},\"45-54\":{\"%VALUE%\":800,\"%REDACTED%\":false},\"18-24\":{\"%VALUE%\":700,\"%REDACTED%\":false},\"55-64\":{\"%VALUE%\":500,\"%REDACTED%\":false},\"65+\":{\"%VALUE%\":300,\"%REDACTED%\":false}},\"%VALUE%\":4100,\"%REDACTED%\":false},\"Utah\":{\"dimension:fb.author.age\":{\"25-34\":{\"%VALUE%\":800,\"%REDACTED%\":false},\"18-24\":{\"%VALUE%\":700,\"%REDACTED%\":false},\"35-44\":{\"%VALUE%\":700,\"%REDACTED%\":false},\"45-54\":{\"%VALUE%\":500,\"%REDACTED%\":false},\"55-64\":{\"%VALUE%\":300,\"%REDACTED%\":false},\"65+\":{\"%VALUE%\":200,\"%REDACTED%\":false}},\"%VALUE%\":3300,\"%REDACTED%\":false},\"New Mexico\":{\"dimension:fb.author.age\":{\"25-34\":{\"%VALUE%\":700,\"%REDACTED%\":false},\"35-44\":{\"%VALUE%\":600,\"%REDACTED%\":false},\"18-24\":{\"%VALUE%\":500,\"%REDACTED%\":false},\"45-54\":{\"%VALUE%\":500,\"%REDACTED%\":false},\"55-64\":{\"%VALUE%\":300,\"%REDACTED%\":false},\"65+\":{\"%VALUE%\":200,\"%REDACTED%\":false}},\"%VALUE%\":2900,\"%REDACTED%\":false},\"Nebraska\":{\"dimension:fb.author.age\":{\"25-34\":{\"%VALUE%\":600,\"%REDACTED%\":false},\"18-24\":{\"%VALUE%\":500,\"%REDACTED%\":false},\"35-44\":{\"%VALUE%\":500,\"%REDACTED%\":false},\"45-54\":{\"%VALUE%\":400,\"%REDACTED%\":false},\"55-64\":{\"%VALUE%\":300,\"%REDACTED%\":false},\"65+\":{\"%VALUE%\":200,\"%REDACTED%\":false}},\"%VALUE%\":2700,\"%REDACTED%\":false},\"Idaho\":{\"dimension:fb.author.age\":{\"25-34\":{\"%VALUE%\":500,\"%REDACTED%\":false},\"35-44\":{\"%VALUE%\":400,\"%REDACTED%\":false},\"18-24\":{\"%VALUE%\":400,\"%REDACTED%\":false},\"45-54\":{\"%VALUE%\":300,\"%REDACTED%\":false},\"55-64\":{\"%VALUE%\":200,\"%REDACTED%\":false},\"65+\":{\"%VALUE%\":100,\"%REDACTED%\":false}},\"%VALUE%\":2200,\"%REDACTED%\":false},\"Maine\":{\"dimension:fb.author.age\":{\"25-34\":{\"%VALUE%\":400,\"%REDACTED%\":false},\"35-44\":{\"%VALUE%\":400,\"%REDACTED%\":false},\"45-54\":{\"%VALUE%\":400,\"%REDACTED%\":false},\"18-24\":{\"%VALUE%\":300,\"%REDACTED%\":false},\"55-64\":{\"%VALUE%\":300,\"%REDACTED%\":false},\"65+\":{\"%VALUE%\":200,\"%REDACTED%\":false}},\"%VALUE%\":2200,\"%REDACTED%\":false},\"District of Columbia\":{\"dimension:fb.author.age\":{\"25-34\":{\"%VALUE%\":600,\"%REDACTED%\":false},\"35-44\":{\"%VALUE%\":500,\"%REDACTED%\":false},\"18-24\":{\"%VALUE%\":300,\"%REDACTED%\":false},\"45-54\":{\"%VALUE%\":300,\"%REDACTED%\":false},\"55-64\":{\"%VALUE%\":100,\"%REDACTED%\":false}},\"%VALUE%\":2100,\"%REDACTED%\":false},\"Hawaii\":{\"dimension:fb.author.age\":{\"25-34\":{\"%VALUE%\":500,\"%REDACTED%\":false},\"35-44\":{\"%VALUE%\":300,\"%REDACTED%\":false},\"18-24\":{\"%VALUE%\":300,\"%REDACTED%\":false},\"45-54\":{\"%VALUE%\":300,\"%REDACTED%\":false},\"55-64\":{\"%VALUE%\":200,\"%REDACTED%\":false},\"65+\":{\"%VALUE%\":100,\"%REDACTED%\":false}},\"%VALUE%\":2000,\"%REDACTED%\":false},\"New Hampshire\":{\"dimension:fb.author.age\":{\"35-44\":{\"%VALUE%\":400,\"%REDACTED%\":false},\"25-34\":{\"%VALUE%\":300,\"%REDACTED%\":false},\"45-54\":{\"%VALUE%\":300,\"%REDACTED%\":false},\"18-24\":{\"%VALUE%\":300,\"%REDACTED%\":false},\"55-64\":{\"%VALUE%\":200,\"%REDACTED%\":false},\"65+\":{\"%VALUE%\":100,\"%REDACTED%\":false}},\"%VALUE%\":1800,\"%REDACTED%\":false},\"Rhode Island\":{\"dimension:fb.author.age\":{\"25-34\":{\"%VALUE%\":300,\"%REDACTED%\":false},\"18-24\":{\"%VALUE%\":300,\"%REDACTED%\":false},\"35-44\":{\"%VALUE%\":300,\"%REDACTED%\":false},\"45-54\":{\"%VALUE%\":300,\"%REDACTED%\":false},\"55-64\":{\"%VALUE%\":100,\"%REDACTED%\":false},\"65+\":{\"%VALUE%\":100,\"%REDACTED%\":false}},\"%VALUE%\":1600,\"%REDACTED%\":false},\"Montana\":{\"dimension:fb.author.age\":{\"25-34\":{\"%VALUE%\":300,\"%REDACTED%\":false},\"35-44\":{\"%VALUE%\":200,\"%REDACTED%\":false},\"45-54\":{\"%VALUE%\":200,\"%REDACTED%\":false},\"18-24\":{\"%VALUE%\":200,\"%REDACTED%\":false},\"55-64\":{\"%VALUE%\":200,\"%REDACTED%\":false},\"65+\":{\"%VALUE%\":100,\"%REDACTED%\":false}},\"%VALUE%\":1400,\"%REDACTED%\":false},\"Delaware\":{\"dimension:fb.author.age\":{\"25-34\":{\"%VALUE%\":300,\"%REDACTED%\":false},\"35-44\":{\"%VALUE%\":200,\"%REDACTED%\":false},\"45-54\":{\"%VALUE%\":200,\"%REDACTED%\":false},\"18-24\":{\"%VALUE%\":200,\"%REDACTED%\":false},\"55-64\":{\"%VALUE%\":100,\"%REDACTED%\":false}},\"%VALUE%\":1300,\"%REDACTED%\":false},\"South Dakota\":{\"dimension:fb.author.age\":{\"25-34\":{\"%VALUE%\":300,\"%REDACTED%\":false},\"18-24\":{\"%VALUE%\":200,\"%REDACTED%\":false},\"35-44\":{\"%VALUE%\":200,\"%REDACTED%\":false},\"45-54\":{\"%VALUE%\":200,\"%REDACTED%\":false},\"55-64\":{\"%VALUE%\":100,\"%REDACTED%\":false}},\"%VALUE%\":1300,\"%REDACTED%\":false},\"Alaska\":{\"dimension:fb.author.age\":{\"25-34\":{\"%VALUE%\":300,\"%REDACTED%\":false},\"35-44\":{\"%VALUE%\":200,\"%REDACTED%\":false},\"45-54\":{\"%VALUE%\":200,\"%REDACTED%\":false},\"18-24\":{\"%VALUE%\":200,\"%REDACTED%\":false},\"55-64\":{\"%VALUE%\":100,\"%REDACTED%\":false}},\"%VALUE%\":1200,\"%REDACTED%\":false},\"North Dakota\":{\"dimension:fb.author.age\":{\"25-34\":{\"%VALUE%\":200,\"%REDACTED%\":false},\"18-24\":{\"%VALUE%\":200,\"%REDACTED%\":false},\"35-44\":{\"%VALUE%\":200,\"%REDACTED%\":false},\"45-54\":{\"%VALUE%\":100,\"%REDACTED%\":false},\"55-64\":{\"%VALUE%\":100,\"%REDACTED%\":false}},\"%VALUE%\":1100,\"%REDACTED%\":false},\"Wyoming\":{\"dimension:fb.author.age\":{\"25-34\":{\"%VALUE%\":200,\"%REDACTED%\":false},\"35-44\":{\"%VALUE%\":100,\"%REDACTED%\":false},\"18-24\":{\"%VALUE%\":100,\"%REDACTED%\":false},\"45-54\":{\"%VALUE%\":100,\"%REDACTED%\":false},\"55-64\":{\"%VALUE%\":100,\"%REDACTED%\":false}},\"%VALUE%\":1000,\"%REDACTED%\":false},\"Vermont\":{\"dimension:fb.author.age\":{\"25-34\":{\"%VALUE%\":200,\"%REDACTED%\":false},\"18-24\":{\"%VALUE%\":100,\"%REDACTED%\":false},\"45-54\":{\"%VALUE%\":100,\"%REDACTED%\":false},\"35-44\":{\"%VALUE%\":100,\"%REDACTED%\":false},\"55-64\":{\"%VALUE%\":100,\"%REDACTED%\":false}},\"%VALUE%\":800,\"%REDACTED%\":false}},\"%REDACTED%\":false,\"%VALUE%\":488800}}');
INSERT INTO `dataset`
(`id`, `brand_id`, `recording_id`, `name`, `dimensions`, `visibility`, `analysis_type`, `schedule`, `schedule_units`, `time_range`, `status`, `created_at`, `updated_at`, `last_refreshed`, `data`)
VALUES
  (5, 3, 5, 'US Sample, gender and region','fb.author.gender,fb.author.region','public', 'freqDist', 1, 'day', 'day', 'running', 1435701600, 1435701600, 1435701600, '{\"measure:interactions\":{\"dimension:fb.author.region\":{\"California\":{\"dimension:fb.author.gender\":{\"female\":{\"%VALUE%\":29300,\"%REDACTED%\":false},\"male\":{\"%VALUE%\":16300,\"%REDACTED%\":false},\"unknown\":{\"%VALUE%\":200,\"%REDACTED%\":false}},\"%VALUE%\":45900,\"%REDACTED%\":false},\"Texas\":{\"dimension:fb.author.gender\":{\"female\":{\"%VALUE%\":30300,\"%REDACTED%\":false},\"male\":{\"%VALUE%\":15000,\"%REDACTED%\":false},\"unknown\":{\"%VALUE%\":100,\"%REDACTED%\":false}},\"%VALUE%\":45600,\"%REDACTED%\":false},\"Florida\":{\"dimension:fb.author.gender\":{\"female\":{\"%VALUE%\":22800,\"%REDACTED%\":false},\"male\":{\"%VALUE%\":11200,\"%REDACTED%\":false},\"unknown\":{\"%VALUE%\":100,\"%REDACTED%\":false}},\"%VALUE%\":34200,\"%REDACTED%\":false},\"New York\":{\"dimension:fb.author.gender\":{\"female\":{\"%VALUE%\":19500,\"%REDACTED%\":false},\"male\":{\"%VALUE%\":10800,\"%REDACTED%\":false},\"unknown\":{\"%VALUE%\":100,\"%REDACTED%\":false}},\"%VALUE%\":30500,\"%REDACTED%\":false},\"Illinois\":{\"dimension:fb.author.gender\":{\"female\":{\"%VALUE%\":13900,\"%REDACTED%\":false},\"male\":{\"%VALUE%\":6900,\"%REDACTED%\":false}},\"%VALUE%\":20900,\"%REDACTED%\":false},\"Ohio\":{\"dimension:fb.author.gender\":{\"female\":{\"%VALUE%\":14400,\"%REDACTED%\":false},\"male\":{\"%VALUE%\":6200,\"%REDACTED%\":false}},\"%VALUE%\":20700,\"%REDACTED%\":false},\"Pennsylvania\":{\"dimension:fb.author.gender\":{\"female\":{\"%VALUE%\":13500,\"%REDACTED%\":false},\"male\":{\"%VALUE%\":6000,\"%REDACTED%\":false}},\"%VALUE%\":19600,\"%REDACTED%\":false},\"Georgia\":{\"dimension:fb.author.gender\":{\"female\":{\"%VALUE%\":11800,\"%REDACTED%\":false},\"male\":{\"%VALUE%\":5600,\"%REDACTED%\":false}},\"%VALUE%\":17500,\"%REDACTED%\":false},\"Michigan\":{\"dimension:fb.author.gender\":{\"female\":{\"%VALUE%\":12000,\"%REDACTED%\":false},\"male\":{\"%VALUE%\":5100,\"%REDACTED%\":false},\"unknown\":{\"%VALUE%\":100,\"%REDACTED%\":false}},\"%VALUE%\":17200,\"%REDACTED%\":false},\"North Carolina\":{\"dimension:fb.author.gender\":{\"female\":{\"%VALUE%\":11000,\"%REDACTED%\":false},\"male\":{\"%VALUE%\":5000,\"%REDACTED%\":false}},\"%VALUE%\":16200,\"%REDACTED%\":false},\"New Jersey\":{\"dimension:fb.author.gender\":{\"female\":{\"%VALUE%\":8400,\"%REDACTED%\":false},\"male\":{\"%VALUE%\":4400,\"%REDACTED%\":false}},\"%VALUE%\":12900,\"%REDACTED%\":false},\"Tennessee\":{\"dimension:fb.author.gender\":{\"female\":{\"%VALUE%\":8800,\"%REDACTED%\":false},\"male\":{\"%VALUE%\":3700,\"%REDACTED%\":false}},\"%VALUE%\":12600,\"%REDACTED%\":false},\"Indiana\":{\"dimension:fb.author.gender\":{\"female\":{\"%VALUE%\":8600,\"%REDACTED%\":false},\"male\":{\"%VALUE%\":3500,\"%REDACTED%\":false}},\"%VALUE%\":12200,\"%REDACTED%\":false},\"Virginia\":{\"dimension:fb.author.gender\":{\"female\":{\"%VALUE%\":8100,\"%REDACTED%\":false},\"male\":{\"%VALUE%\":3700,\"%REDACTED%\":false}},\"%VALUE%\":11900,\"%REDACTED%\":false},\"Missouri\":{\"dimension:fb.author.gender\":{\"female\":{\"%VALUE%\":8100,\"%REDACTED%\":false},\"male\":{\"%VALUE%\":3400,\"%REDACTED%\":false}},\"%VALUE%\":11600,\"%REDACTED%\":false},\"Washington\":{\"dimension:fb.author.gender\":{\"female\":{\"%VALUE%\":7600,\"%REDACTED%\":false},\"male\":{\"%VALUE%\":3600,\"%REDACTED%\":false}},\"%VALUE%\":11300,\"%REDACTED%\":false},\"Arizona\":{\"dimension:fb.author.gender\":{\"female\":{\"%VALUE%\":6400,\"%REDACTED%\":false},\"male\":{\"%VALUE%\":3100,\"%REDACTED%\":false}},\"%VALUE%\":9700,\"%REDACTED%\":false},\"Alabama\":{\"dimension:fb.author.gender\":{\"female\":{\"%VALUE%\":6500,\"%REDACTED%\":false},\"male\":{\"%VALUE%\":2700,\"%REDACTED%\":false}},\"%VALUE%\":9300,\"%REDACTED%\":false},\"Kentucky\":{\"dimension:fb.author.gender\":{\"female\":{\"%VALUE%\":6500,\"%REDACTED%\":false},\"male\":{\"%VALUE%\":2500,\"%REDACTED%\":false}},\"%VALUE%\":9000,\"%REDACTED%\":false},\"Massachusetts\":{\"dimension:fb.author.gender\":{\"female\":{\"%VALUE%\":5800,\"%REDACTED%\":false},\"male\":{\"%VALUE%\":2900,\"%REDACTED%\":false}},\"%VALUE%\":8900,\"%REDACTED%\":false},\"Louisiana\":{\"dimension:fb.author.gender\":{\"female\":{\"%VALUE%\":6000,\"%REDACTED%\":false},\"male\":{\"%VALUE%\":2700,\"%REDACTED%\":false}},\"%VALUE%\":8800,\"%REDACTED%\":false},\"Wisconsin\":{\"dimension:fb.author.gender\":{\"female\":{\"%VALUE%\":5800,\"%REDACTED%\":false},\"male\":{\"%VALUE%\":2500,\"%REDACTED%\":false}},\"%VALUE%\":8400,\"%REDACTED%\":false},\"South Carolina\":{\"dimension:fb.author.gender\":{\"female\":{\"%VALUE%\":5700,\"%REDACTED%\":false},\"male\":{\"%VALUE%\":2500,\"%REDACTED%\":false}},\"%VALUE%\":8300,\"%REDACTED%\":false},\"Maryland\":{\"dimension:fb.author.gender\":{\"female\":{\"%VALUE%\":5100,\"%REDACTED%\":false},\"male\":{\"%VALUE%\":2500,\"%REDACTED%\":false}},\"%VALUE%\":7700,\"%REDACTED%\":false},\"Colorado\":{\"dimension:fb.author.gender\":{\"female\":{\"%VALUE%\":5100,\"%REDACTED%\":false},\"male\":{\"%VALUE%\":2400,\"%REDACTED%\":false}},\"%VALUE%\":7600,\"%REDACTED%\":false},\"Oklahoma\":{\"dimension:fb.author.gender\":{\"female\":{\"%VALUE%\":5300,\"%REDACTED%\":false},\"male\":{\"%VALUE%\":2200,\"%REDACTED%\":false}},\"%VALUE%\":7600,\"%REDACTED%\":false},\"Minnesota\":{\"dimension:fb.author.gender\":{\"female\":{\"%VALUE%\":4500,\"%REDACTED%\":false},\"male\":{\"%VALUE%\":2000,\"%REDACTED%\":false}},\"%VALUE%\":6600,\"%REDACTED%\":false},\"Oregon\":{\"dimension:fb.author.gender\":{\"female\":{\"%VALUE%\":4100,\"%REDACTED%\":false},\"male\":{\"%VALUE%\":1800,\"%REDACTED%\":false}},\"%VALUE%\":5900,\"%REDACTED%\":false},\"Arkansas\":{\"dimension:fb.author.gender\":{\"female\":{\"%VALUE%\":4200,\"%REDACTED%\":false},\"male\":{\"%VALUE%\":1700,\"%REDACTED%\":false}},\"%VALUE%\":5900,\"%REDACTED%\":false},\"Mississippi\":{\"dimension:fb.author.gender\":{\"female\":{\"%VALUE%\":4000,\"%REDACTED%\":false},\"male\":{\"%VALUE%\":1600,\"%REDACTED%\":false}},\"%VALUE%\":5700,\"%REDACTED%\":false},\"Nevada\":{\"dimension:fb.author.gender\":{\"female\":{\"%VALUE%\":3200,\"%REDACTED%\":false},\"male\":{\"%VALUE%\":1700,\"%REDACTED%\":false}},\"%VALUE%\":4900,\"%REDACTED%\":false},\"Iowa\":{\"dimension:fb.author.gender\":{\"female\":{\"%VALUE%\":3400,\"%REDACTED%\":false},\"male\":{\"%VALUE%\":1400,\"%REDACTED%\":false}},\"%VALUE%\":4900,\"%REDACTED%\":false},\"Kansas\":{\"dimension:fb.author.gender\":{\"female\":{\"%VALUE%\":3300,\"%REDACTED%\":false},\"male\":{\"%VALUE%\":1500,\"%REDACTED%\":false}},\"%VALUE%\":4800,\"%REDACTED%\":false},\"Connecticut\":{\"dimension:fb.author.gender\":{\"female\":{\"%VALUE%\":3200,\"%REDACTED%\":false},\"male\":{\"%VALUE%\":1400,\"%REDACTED%\":false}},\"%VALUE%\":4700,\"%REDACTED%\":false},\"West Virginia\":{\"dimension:fb.author.gender\":{\"female\":{\"%VALUE%\":3100,\"%REDACTED%\":false},\"male\":{\"%VALUE%\":1100,\"%REDACTED%\":false}},\"%VALUE%\":4300,\"%REDACTED%\":false},\"Utah\":{\"dimension:fb.author.gender\":{\"female\":{\"%VALUE%\":2400,\"%REDACTED%\":false},\"male\":{\"%VALUE%\":1000,\"%REDACTED%\":false}},\"%VALUE%\":3500,\"%REDACTED%\":false},\"New Mexico\":{\"dimension:fb.author.gender\":{\"female\":{\"%VALUE%\":2000,\"%REDACTED%\":false},\"male\":{\"%VALUE%\":1000,\"%REDACTED%\":false}},\"%VALUE%\":3000,\"%REDACTED%\":false},\"Nebraska\":{\"dimension:fb.author.gender\":{\"female\":{\"%VALUE%\":1900,\"%REDACTED%\":false},\"male\":{\"%VALUE%\":800,\"%REDACTED%\":false}},\"%VALUE%\":2800,\"%REDACTED%\":false},\"Idaho\":{\"dimension:fb.author.gender\":{\"female\":{\"%VALUE%\":1600,\"%REDACTED%\":false},\"male\":{\"%VALUE%\":600,\"%REDACTED%\":false}},\"%VALUE%\":2300,\"%REDACTED%\":false},\"Maine\":{\"dimension:fb.author.gender\":{\"female\":{\"%VALUE%\":1700,\"%REDACTED%\":false},\"male\":{\"%VALUE%\":500,\"%REDACTED%\":false}},\"%VALUE%\":2200,\"%REDACTED%\":false},\"District of Columbia\":{\"dimension:fb.author.gender\":{\"female\":{\"%VALUE%\":1300,\"%REDACTED%\":false},\"male\":{\"%VALUE%\":800,\"%REDACTED%\":false}},\"%VALUE%\":2100,\"%REDACTED%\":false},\"Hawaii\":{\"dimension:fb.author.gender\":{\"female\":{\"%VALUE%\":1300,\"%REDACTED%\":false},\"male\":{\"%VALUE%\":600,\"%REDACTED%\":false}},\"%VALUE%\":2000,\"%REDACTED%\":false},\"New Hampshire\":{\"dimension:fb.author.gender\":{\"female\":{\"%VALUE%\":1300,\"%REDACTED%\":false},\"male\":{\"%VALUE%\":500,\"%REDACTED%\":false}},\"%VALUE%\":1900,\"%REDACTED%\":false},\"Rhode Island\":{\"dimension:fb.author.gender\":{\"female\":{\"%VALUE%\":1100,\"%REDACTED%\":false},\"male\":{\"%VALUE%\":500,\"%REDACTED%\":false}},\"%VALUE%\":1600,\"%REDACTED%\":false},\"Montana\":{\"dimension:fb.author.gender\":{\"female\":{\"%VALUE%\":1100,\"%REDACTED%\":false},\"male\":{\"%VALUE%\":400,\"%REDACTED%\":false}},\"%VALUE%\":1500,\"%REDACTED%\":false},\"Delaware\":{\"dimension:fb.author.gender\":{\"female\":{\"%VALUE%\":900,\"%REDACTED%\":false},\"male\":{\"%VALUE%\":400,\"%REDACTED%\":false}},\"%VALUE%\":1300,\"%REDACTED%\":false},\"South Dakota\":{\"dimension:fb.author.gender\":{\"female\":{\"%VALUE%\":900,\"%REDACTED%\":false},\"male\":{\"%VALUE%\":300,\"%REDACTED%\":false}},\"%VALUE%\":1300,\"%REDACTED%\":false},\"Alaska\":{\"dimension:fb.author.gender\":{\"female\":{\"%VALUE%\":800,\"%REDACTED%\":false},\"male\":{\"%VALUE%\":400,\"%REDACTED%\":false}},\"%VALUE%\":1300,\"%REDACTED%\":false},\"North Dakota\":{\"dimension:fb.author.gender\":{\"female\":{\"%VALUE%\":700,\"%REDACTED%\":false},\"male\":{\"%VALUE%\":300,\"%REDACTED%\":false}},\"%VALUE%\":1100,\"%REDACTED%\":false},\"Wyoming\":{\"dimension:fb.author.gender\":{\"female\":{\"%VALUE%\":700,\"%REDACTED%\":false},\"male\":{\"%VALUE%\":300,\"%REDACTED%\":false}},\"%VALUE%\":1000,\"%REDACTED%\":false},\"Vermont\":{\"dimension:fb.author.gender\":{\"female\":{\"%VALUE%\":600,\"%REDACTED%\":false},\"male\":{\"%VALUE%\":200,\"%REDACTED%\":false}},\"%VALUE%\":800,\"%REDACTED%\":false}},\"%REDACTED%\":false,\"%VALUE%\":507000},\"measure:unique_authors\":{\"dimension:fb.author.region\":{\"California\":{\"dimension:fb.author.gender\":{\"female\":{\"%VALUE%\":28000,\"%REDACTED%\":false},\"male\":{\"%VALUE%\":16100,\"%REDACTED%\":false},\"unknown\":{\"%VALUE%\":200,\"%REDACTED%\":false}},\"%VALUE%\":44100,\"%REDACTED%\":false},\"Texas\":{\"dimension:fb.author.gender\":{\"female\":{\"%VALUE%\":30300,\"%REDACTED%\":false},\"male\":{\"%VALUE%\":14300,\"%REDACTED%\":false},\"unknown\":{\"%VALUE%\":100,\"%REDACTED%\":false}},\"%VALUE%\":45600,\"%REDACTED%\":false},\"Florida\":{\"dimension:fb.author.gender\":{\"female\":{\"%VALUE%\":22800,\"%REDACTED%\":false},\"male\":{\"%VALUE%\":11100,\"%REDACTED%\":false},\"unknown\":{\"%VALUE%\":100,\"%REDACTED%\":false}},\"%VALUE%\":33800,\"%REDACTED%\":false},\"New York\":{\"dimension:fb.author.gender\":{\"female\":{\"%VALUE%\":18800,\"%REDACTED%\":false},\"male\":{\"%VALUE%\":10800,\"%REDACTED%\":false},\"unknown\":{\"%VALUE%\":100,\"%REDACTED%\":false}},\"%VALUE%\":30500,\"%REDACTED%\":false},\"Illinois\":{\"dimension:fb.author.gender\":{\"female\":{\"%VALUE%\":13500,\"%REDACTED%\":false},\"male\":{\"%VALUE%\":6900,\"%REDACTED%\":false}},\"%VALUE%\":20100,\"%REDACTED%\":false},\"Ohio\":{\"dimension:fb.author.gender\":{\"female\":{\"%VALUE%\":13700,\"%REDACTED%\":false},\"male\":{\"%VALUE%\":5800,\"%REDACTED%\":false}},\"%VALUE%\":19700,\"%REDACTED%\":false},\"Pennsylvania\":{\"dimension:fb.author.gender\":{\"female\":{\"%VALUE%\":12600,\"%REDACTED%\":false},\"male\":{\"%VALUE%\":5800,\"%REDACTED%\":false}},\"%VALUE%\":18000,\"%REDACTED%\":false},\"Georgia\":{\"dimension:fb.author.gender\":{\"female\":{\"%VALUE%\":11300,\"%REDACTED%\":false},\"male\":{\"%VALUE%\":5600,\"%REDACTED%\":false}},\"%VALUE%\":17500,\"%REDACTED%\":false},\"Michigan\":{\"dimension:fb.author.gender\":{\"female\":{\"%VALUE%\":11600,\"%REDACTED%\":false},\"male\":{\"%VALUE%\":5000,\"%REDACTED%\":false},\"unknown\":{\"%VALUE%\":100,\"%REDACTED%\":false}},\"%VALUE%\":16100,\"%REDACTED%\":false},\"North Carolina\":{\"dimension:fb.author.gender\":{\"female\":{\"%VALUE%\":10500,\"%REDACTED%\":false},\"male\":{\"%VALUE%\":5000,\"%REDACTED%\":false}},\"%VALUE%\":15400,\"%REDACTED%\":false},\"New Jersey\":{\"dimension:fb.author.gender\":{\"female\":{\"%VALUE%\":8200,\"%REDACTED%\":false},\"male\":{\"%VALUE%\":4200,\"%REDACTED%\":false}},\"%VALUE%\":12600,\"%REDACTED%\":false},\"Tennessee\":{\"dimension:fb.author.gender\":{\"female\":{\"%VALUE%\":8200,\"%REDACTED%\":false},\"male\":{\"%VALUE%\":3700,\"%REDACTED%\":false}},\"%VALUE%\":12200,\"%REDACTED%\":false},\"Indiana\":{\"dimension:fb.author.gender\":{\"female\":{\"%VALUE%\":8400,\"%REDACTED%\":false},\"male\":{\"%VALUE%\":3500,\"%REDACTED%\":false}},\"%VALUE%\":12100,\"%REDACTED%\":false},\"Virginia\":{\"dimension:fb.author.gender\":{\"female\":{\"%VALUE%\":8100,\"%REDACTED%\":false},\"male\":{\"%VALUE%\":3500,\"%REDACTED%\":false}},\"%VALUE%\":11900,\"%REDACTED%\":false},\"Missouri\":{\"dimension:fb.author.gender\":{\"female\":{\"%VALUE%\":7700,\"%REDACTED%\":false},\"male\":{\"%VALUE%\":3400,\"%REDACTED%\":false}},\"%VALUE%\":11300,\"%REDACTED%\":false},\"Washington\":{\"dimension:fb.author.gender\":{\"female\":{\"%VALUE%\":7400,\"%REDACTED%\":false},\"male\":{\"%VALUE%\":3300,\"%REDACTED%\":false}},\"%VALUE%\":11200,\"%REDACTED%\":false},\"Arizona\":{\"dimension:fb.author.gender\":{\"female\":{\"%VALUE%\":6400,\"%REDACTED%\":false},\"male\":{\"%VALUE%\":3000,\"%REDACTED%\":false}},\"%VALUE%\":9300,\"%REDACTED%\":false},\"Alabama\":{\"dimension:fb.author.gender\":{\"female\":{\"%VALUE%\":6100,\"%REDACTED%\":false},\"male\":{\"%VALUE%\":2600,\"%REDACTED%\":false}},\"%VALUE%\":8500,\"%REDACTED%\":false},\"Kentucky\":{\"dimension:fb.author.gender\":{\"female\":{\"%VALUE%\":6300,\"%REDACTED%\":false},\"male\":{\"%VALUE%\":2400,\"%REDACTED%\":false}},\"%VALUE%\":9000,\"%REDACTED%\":false},\"Massachusetts\":{\"dimension:fb.author.gender\":{\"female\":{\"%VALUE%\":5600,\"%REDACTED%\":false},\"male\":{\"%VALUE%\":2900,\"%REDACTED%\":false}},\"%VALUE%\":8800,\"%REDACTED%\":false},\"Louisiana\":{\"dimension:fb.author.gender\":{\"female\":{\"%VALUE%\":6000,\"%REDACTED%\":false},\"male\":{\"%VALUE%\":2700,\"%REDACTED%\":false}},\"%VALUE%\":8800,\"%REDACTED%\":false},\"Wisconsin\":{\"dimension:fb.author.gender\":{\"female\":{\"%VALUE%\":5500,\"%REDACTED%\":false},\"male\":{\"%VALUE%\":2400,\"%REDACTED%\":false}},\"%VALUE%\":7900,\"%REDACTED%\":false},\"South Carolina\":{\"dimension:fb.author.gender\":{\"female\":{\"%VALUE%\":5400,\"%REDACTED%\":false},\"male\":{\"%VALUE%\":2400,\"%REDACTED%\":false}},\"%VALUE%\":7800,\"%REDACTED%\":false},\"Maryland\":{\"dimension:fb.author.gender\":{\"female\":{\"%VALUE%\":4800,\"%REDACTED%\":false},\"male\":{\"%VALUE%\":2400,\"%REDACTED%\":false}},\"%VALUE%\":7400,\"%REDACTED%\":false},\"Colorado\":{\"dimension:fb.author.gender\":{\"female\":{\"%VALUE%\":5000,\"%REDACTED%\":false},\"male\":{\"%VALUE%\":2300,\"%REDACTED%\":false}},\"%VALUE%\":7500,\"%REDACTED%\":false},\"Oklahoma\":{\"dimension:fb.author.gender\":{\"female\":{\"%VALUE%\":5100,\"%REDACTED%\":false},\"male\":{\"%VALUE%\":2200,\"%REDACTED%\":false}},\"%VALUE%\":7500,\"%REDACTED%\":false},\"Minnesota\":{\"dimension:fb.author.gender\":{\"female\":{\"%VALUE%\":4300,\"%REDACTED%\":false},\"male\":{\"%VALUE%\":1800,\"%REDACTED%\":false}},\"%VALUE%\":6000,\"%REDACTED%\":false},\"Oregon\":{\"dimension:fb.author.gender\":{\"female\":{\"%VALUE%\":4000,\"%REDACTED%\":false},\"male\":{\"%VALUE%\":1800,\"%REDACTED%\":false}},\"%VALUE%\":5800,\"%REDACTED%\":false},\"Arkansas\":{\"dimension:fb.author.gender\":{\"female\":{\"%VALUE%\":4000,\"%REDACTED%\":false},\"male\":{\"%VALUE%\":1600,\"%REDACTED%\":false}},\"%VALUE%\":5800,\"%REDACTED%\":false},\"Mississippi\":{\"dimension:fb.author.gender\":{\"female\":{\"%VALUE%\":3800,\"%REDACTED%\":false},\"male\":{\"%VALUE%\":1500,\"%REDACTED%\":false}},\"%VALUE%\":5500,\"%REDACTED%\":false},\"Nevada\":{\"dimension:fb.author.gender\":{\"female\":{\"%VALUE%\":3000,\"%REDACTED%\":false},\"male\":{\"%VALUE%\":1600,\"%REDACTED%\":false}},\"%VALUE%\":4700,\"%REDACTED%\":false},\"Iowa\":{\"dimension:fb.author.gender\":{\"female\":{\"%VALUE%\":3400,\"%REDACTED%\":false},\"male\":{\"%VALUE%\":1400,\"%REDACTED%\":false}},\"%VALUE%\":4900,\"%REDACTED%\":false},\"Kansas\":{\"dimension:fb.author.gender\":{\"female\":{\"%VALUE%\":3100,\"%REDACTED%\":false},\"male\":{\"%VALUE%\":1400,\"%REDACTED%\":false}},\"%VALUE%\":4400,\"%REDACTED%\":false},\"Connecticut\":{\"dimension:fb.author.gender\":{\"female\":{\"%VALUE%\":2900,\"%REDACTED%\":false},\"male\":{\"%VALUE%\":1400,\"%REDACTED%\":false}},\"%VALUE%\":4400,\"%REDACTED%\":false},\"West Virginia\":{\"dimension:fb.author.gender\":{\"female\":{\"%VALUE%\":3100,\"%REDACTED%\":false},\"male\":{\"%VALUE%\":1100,\"%REDACTED%\":false}},\"%VALUE%\":4100,\"%REDACTED%\":false},\"Utah\":{\"dimension:fb.author.gender\":{\"female\":{\"%VALUE%\":2300,\"%REDACTED%\":false},\"male\":{\"%VALUE%\":1000,\"%REDACTED%\":false}},\"%VALUE%\":3300,\"%REDACTED%\":false},\"New Mexico\":{\"dimension:fb.author.gender\":{\"female\":{\"%VALUE%\":1900,\"%REDACTED%\":false},\"male\":{\"%VALUE%\":900,\"%REDACTED%\":false}},\"%VALUE%\":2900,\"%REDACTED%\":false},\"Nebraska\":{\"dimension:fb.author.gender\":{\"female\":{\"%VALUE%\":1800,\"%REDACTED%\":false},\"male\":{\"%VALUE%\":800,\"%REDACTED%\":false}},\"%VALUE%\":2700,\"%REDACTED%\":false},\"Idaho\":{\"dimension:fb.author.gender\":{\"female\":{\"%VALUE%\":1500,\"%REDACTED%\":false},\"male\":{\"%VALUE%\":600,\"%REDACTED%\":false}},\"%VALUE%\":2200,\"%REDACTED%\":false},\"Maine\":{\"dimension:fb.author.gender\":{\"female\":{\"%VALUE%\":1600,\"%REDACTED%\":false},\"male\":{\"%VALUE%\":500,\"%REDACTED%\":false}},\"%VALUE%\":2200,\"%REDACTED%\":false},\"District of Columbia\":{\"dimension:fb.author.gender\":{\"female\":{\"%VALUE%\":1200,\"%REDACTED%\":false},\"male\":{\"%VALUE%\":800,\"%REDACTED%\":false}},\"%VALUE%\":2100,\"%REDACTED%\":false},\"Hawaii\":{\"dimension:fb.author.gender\":{\"female\":{\"%VALUE%\":1200,\"%REDACTED%\":false},\"male\":{\"%VALUE%\":600,\"%REDACTED%\":false}},\"%VALUE%\":2000,\"%REDACTED%\":false},\"New Hampshire\":{\"dimension:fb.author.gender\":{\"female\":{\"%VALUE%\":1200,\"%REDACTED%\":false},\"male\":{\"%VALUE%\":500,\"%REDACTED%\":false}},\"%VALUE%\":1800,\"%REDACTED%\":false},\"Rhode Island\":{\"dimension:fb.author.gender\":{\"female\":{\"%VALUE%\":1100,\"%REDACTED%\":false},\"male\":{\"%VALUE%\":500,\"%REDACTED%\":false}},\"%VALUE%\":1600,\"%REDACTED%\":false},\"Montana\":{\"dimension:fb.author.gender\":{\"female\":{\"%VALUE%\":1000,\"%REDACTED%\":false},\"male\":{\"%VALUE%\":400,\"%REDACTED%\":false}},\"%VALUE%\":1400,\"%REDACTED%\":false},\"Delaware\":{\"dimension:fb.author.gender\":{\"female\":{\"%VALUE%\":900,\"%REDACTED%\":false},\"male\":{\"%VALUE%\":400,\"%REDACTED%\":false}},\"%VALUE%\":1300,\"%REDACTED%\":false},\"South Dakota\":{\"dimension:fb.author.gender\":{\"female\":{\"%VALUE%\":900,\"%REDACTED%\":false},\"male\":{\"%VALUE%\":300,\"%REDACTED%\":false}},\"%VALUE%\":1300,\"%REDACTED%\":false},\"Alaska\":{\"dimension:fb.author.gender\":{\"female\":{\"%VALUE%\":800,\"%REDACTED%\":false},\"male\":{\"%VALUE%\":400,\"%REDACTED%\":false}},\"%VALUE%\":1200,\"%REDACTED%\":false},\"North Dakota\":{\"dimension:fb.author.gender\":{\"female\":{\"%VALUE%\":700,\"%REDACTED%\":false},\"male\":{\"%VALUE%\":300,\"%REDACTED%\":false}},\"%VALUE%\":1100,\"%REDACTED%\":false},\"Wyoming\":{\"dimension:fb.author.gender\":{\"female\":{\"%VALUE%\":600,\"%REDACTED%\":false},\"male\":{\"%VALUE%\":300,\"%REDACTED%\":false}},\"%VALUE%\":1000,\"%REDACTED%\":false},\"Vermont\":{\"dimension:fb.author.gender\":{\"female\":{\"%VALUE%\":500,\"%REDACTED%\":false},\"male\":{\"%VALUE%\":200,\"%REDACTED%\":false}},\"%VALUE%\":800,\"%REDACTED%\":false}},\"%REDACTED%\":false,\"%VALUE%\":488800}}');
INSERT INTO `dataset`
(`id`, `brand_id`, `recording_id`, `name`, `dimensions`, `visibility`, `analysis_type`, `schedule`, `schedule_units`, `time_range`, `status`, `created_at`, `updated_at`, `last_refreshed`, `data`)
VALUES
  (6, 3, 6, 'UK Sample, age and gender','fb.author.gender,fb.author.age','public', 'freqDist', 1, 'day', 'day', 'running', 1435701600, 1435701600, 1435701600, '{\"measure:interactions\":{\"dimension:fb.author.age\":{\"25-34\":{\"dimension:fb.author.gender\":{\"female\":{\"%VALUE%\":15400,\"%REDACTED%\":false},\"male\":{\"%VALUE%\":8200,\"%REDACTED%\":false},\"unknown\":{\"%VALUE%\":100,\"%REDACTED%\":false}},\"%VALUE%\":23800,\"%REDACTED%\":false},\"35-44\":{\"dimension:fb.author.gender\":{\"female\":{\"%VALUE%\":11500,\"%REDACTED%\":false},\"male\":{\"%VALUE%\":6500,\"%REDACTED%\":false},\"unknown\":{\"%VALUE%\":100,\"%REDACTED%\":false}},\"%VALUE%\":18200,\"%REDACTED%\":false},\"18-24\":{\"dimension:fb.author.gender\":{\"female\":{\"%VALUE%\":11500,\"%REDACTED%\":false},\"male\":{\"%VALUE%\":5500,\"%REDACTED%\":false}},\"%VALUE%\":17100,\"%REDACTED%\":false},\"45-54\":{\"dimension:fb.author.gender\":{\"female\":{\"%VALUE%\":9100,\"%REDACTED%\":false},\"male\":{\"%VALUE%\":5200,\"%REDACTED%\":false},\"unknown\":{\"%VALUE%\":100,\"%REDACTED%\":false}},\"%VALUE%\":14500,\"%REDACTED%\":false},\"55-64\":{\"dimension:fb.author.gender\":{\"female\":{\"%VALUE%\":4700,\"%REDACTED%\":false},\"male\":{\"%VALUE%\":2400,\"%REDACTED%\":false},\"unknown\":{\"%VALUE%\":100,\"%REDACTED%\":false}},\"%VALUE%\":7200,\"%REDACTED%\":false},\"65+\":{\"dimension:fb.author.gender\":{\"female\":{\"%VALUE%\":2300,\"%REDACTED%\":false},\"male\":{\"%VALUE%\":1300,\"%REDACTED%\":false}},\"%VALUE%\":3800,\"%REDACTED%\":false}},\"%REDACTED%\":false,\"%VALUE%\":84700},\"measure:unique_authors\":{\"dimension:fb.author.age\":{\"25-34\":{\"dimension:fb.author.gender\":{\"female\":{\"%VALUE%\":14700,\"%REDACTED%\":false},\"male\":{\"%VALUE%\":7600,\"%REDACTED%\":false},\"unknown\":{\"%VALUE%\":100,\"%REDACTED%\":false}},\"%VALUE%\":22200,\"%REDACTED%\":false},\"35-44\":{\"dimension:fb.author.gender\":{\"female\":{\"%VALUE%\":10700,\"%REDACTED%\":false},\"male\":{\"%VALUE%\":6300,\"%REDACTED%\":false},\"unknown\":{\"%VALUE%\":100,\"%REDACTED%\":false}},\"%VALUE%\":16900,\"%REDACTED%\":false},\"18-24\":{\"dimension:fb.author.gender\":{\"female\":{\"%VALUE%\":10800,\"%REDACTED%\":false},\"male\":{\"%VALUE%\":5200,\"%REDACTED%\":false}},\"%VALUE%\":16100,\"%REDACTED%\":false},\"45-54\":{\"dimension:fb.author.gender\":{\"female\":{\"%VALUE%\":9100,\"%REDACTED%\":false},\"male\":{\"%VALUE%\":4900,\"%REDACTED%\":false},\"unknown\":{\"%VALUE%\":100,\"%REDACTED%\":false}},\"%VALUE%\":13600,\"%REDACTED%\":false},\"55-64\":{\"dimension:fb.author.gender\":{\"female\":{\"%VALUE%\":4500,\"%REDACTED%\":false},\"male\":{\"%VALUE%\":2400,\"%REDACTED%\":false},\"unknown\":{\"%VALUE%\":100,\"%REDACTED%\":false}},\"%VALUE%\":7100,\"%REDACTED%\":false},\"65+\":{\"dimension:fb.author.gender\":{\"female\":{\"%VALUE%\":2200,\"%REDACTED%\":false},\"male\":{\"%VALUE%\":1200,\"%REDACTED%\":false}},\"%VALUE%\":3700,\"%REDACTED%\":false}},\"%REDACTED%\":false,\"%VALUE%\":77400}}');
INSERT INTO `dataset`
(`id`, `brand_id`, `recording_id`, `name`, `dimensions`, `visibility`, `analysis_type`, `schedule`, `schedule_units`, `time_range`, `status`, `created_at`, `updated_at`, `last_refreshed`, `data`)
VALUES
  (7, 4, 7, 'UK Sample, age, gender and topic name','fb.author.gender,fb.author.age,fb.topics.name','public', 'freqDist', 1, 'day', 'day', 'running', 1435701600, 1435701600, 1435701600, '{\"measure:interactions\":{\"dimension:fb.topics.name\":{\"Birthday\":{\"dimension:fb.author.age\":{\"25-34\":{\"dimension:fb.author.gender\":{\"female\":{\"%VALUE%\":1200,\"%REDACTED%\":false},\"male\":{\"%VALUE%\":700,\"%REDACTED%\":false}},\"%VALUE%\":2000,\"%REDACTED%\":false},\"35-44\":{\"dimension:fb.author.gender\":{\"female\":{\"%VALUE%\":1200,\"%REDACTED%\":false},\"male\":{\"%VALUE%\":600,\"%REDACTED%\":false}},\"%VALUE%\":1800,\"%REDACTED%\":false},\"45-54\":{\"dimension:fb.author.gender\":{\"female\":{\"%VALUE%\":800,\"%REDACTED%\":false},\"male\":{\"%VALUE%\":400,\"%REDACTED%\":false}},\"%VALUE%\":1300,\"%REDACTED%\":false},\"18-24\":{\"dimension:fb.author.gender\":{\"female\":{\"%VALUE%\":700,\"%REDACTED%\":false},\"male\":{\"%VALUE%\":400,\"%REDACTED%\":false}},\"%VALUE%\":1200,\"%REDACTED%\":false},\"55-64\":{\"dimension:fb.author.gender\":{\"female\":{\"%VALUE%\":300,\"%REDACTED%\":false},\"male\":{\"%VALUE%\":100,\"%REDACTED%\":false}},\"%VALUE%\":500,\"%REDACTED%\":false},\"65+\":{\"dimension:fb.author.gender\":{\"female\":{\"%VALUE%\":100,\"%REDACTED%\":false}},\"%VALUE%\":200,\"%REDACTED%\":false}},\"%VALUE%\":7300,\"%REDACTED%\":false},\"Day\":{\"dimension:fb.author.age\":{\"35-44\":{\"dimension:fb.author.gender\":{\"female\":{\"%VALUE%\":200,\"%REDACTED%\":false},\"male\":{\"%VALUE%\":100,\"%REDACTED%\":false}},\"%VALUE%\":300,\"%REDACTED%\":false},\"25-34\":{\"dimension:fb.author.gender\":{\"female\":{\"%VALUE%\":200,\"%REDACTED%\":false}},\"%VALUE%\":300,\"%REDACTED%\":false},\"45-54\":{\"dimension:fb.author.gender\":{\"female\":{\"%VALUE%\":200,\"%REDACTED%\":false}},\"%VALUE%\":300,\"%REDACTED%\":false},\"18-24\":{\"dimension:fb.author.gender\":{\"female\":{\"%VALUE%\":200,\"%REDACTED%\":false}},\"%VALUE%\":200,\"%REDACTED%\":false},\"55-64\":{\"dimension:fb.author.gender\":{\"female\":{\"%VALUE%\":100,\"%REDACTED%\":false}},\"%VALUE%\":100,\"%REDACTED%\":false}},\"%VALUE%\":1600,\"%REDACTED%\":false},\"Friendship\":{\"dimension:fb.author.age\":{\"25-34\":{\"dimension:fb.author.gender\":{\"male\":{\"%VALUE%\":100,\"%REDACTED%\":false}},\"%VALUE%\":100,\"%REDACTED%\":false},\"35-44\":{\"dimension:fb.author.gender\":[],\"%VALUE%\":100,\"%REDACTED%\":false},\"18-24\":{\"dimension:fb.author.gender\":[],\"%VALUE%\":100,\"%REDACTED%\":false}},\"%VALUE%\":500,\"%REDACTED%\":false},\"Love\":{\"dimension:fb.author.age\":{\"25-34\":{\"dimension:fb.author.gender\":[],\"%VALUE%\":100,\"%REDACTED%\":false}},\"%VALUE%\":300,\"%REDACTED%\":false},\"Facebook\":{\"dimension:fb.author.age\":[],\"%VALUE%\":200,\"%REDACTED%\":false},\"Photograph\":{\"dimension:fb.author.age\":[],\"%VALUE%\":200,\"%REDACTED%\":false},\"Gratitude\":{\"dimension:fb.author.age\":[],\"%VALUE%\":200,\"%REDACTED%\":false},\"Sister\":{\"dimension:fb.author.age\":[],\"%VALUE%\":100,\"%REDACTED%\":false},\"London, United Kingdom\":{\"dimension:fb.author.age\":[],\"%VALUE%\":100,\"%REDACTED%\":false},\"Life\":{\"dimension:fb.author.age\":[],\"%VALUE%\":100,\"%REDACTED%\":false},\"United Kingdom\":{\"dimension:fb.author.age\":[],\"%VALUE%\":100,\"%REDACTED%\":false},\"Instagram\":{\"dimension:fb.author.age\":[],\"%VALUE%\":100,\"%REDACTED%\":false},\"BBC News\":{\"dimension:fb.author.age\":[],\"%VALUE%\":100,\"%REDACTED%\":false},\"Happiness\":{\"dimension:fb.author.age\":[],\"%VALUE%\":100,\"%REDACTED%\":false},\"Morning\":{\"dimension:fb.author.age\":[],\"%VALUE%\":100,\"%REDACTED%\":false},\"Family\":{\"dimension:fb.author.age\":[],\"%VALUE%\":100,\"%REDACTED%\":false},\"iOS\":{\"dimension:fb.author.age\":[],\"%VALUE%\":100,\"%REDACTED%\":false}},\"%REDACTED%\":false,\"%VALUE%\":84700},\"measure:unique_authors\":{\"dimension:fb.topics.name\":{\"Birthday\":{\"dimension:fb.author.age\":{\"25-34\":{\"dimension:fb.author.gender\":{\"female\":{\"%VALUE%\":1200,\"%REDACTED%\":false},\"male\":{\"%VALUE%\":700,\"%REDACTED%\":false}},\"%VALUE%\":2000,\"%REDACTED%\":false},\"35-44\":{\"dimension:fb.author.gender\":{\"female\":{\"%VALUE%\":1100,\"%REDACTED%\":false},\"male\":{\"%VALUE%\":600,\"%REDACTED%\":false}},\"%VALUE%\":1700,\"%REDACTED%\":false},\"45-54\":{\"dimension:fb.author.gender\":{\"female\":{\"%VALUE%\":800,\"%REDACTED%\":false},\"male\":{\"%VALUE%\":400,\"%REDACTED%\":false}},\"%VALUE%\":1300,\"%REDACTED%\":false},\"18-24\":{\"dimension:fb.author.gender\":{\"female\":{\"%VALUE%\":700,\"%REDACTED%\":false},\"male\":{\"%VALUE%\":400,\"%REDACTED%\":false}},\"%VALUE%\":1200,\"%REDACTED%\":false},\"55-64\":{\"dimension:fb.author.gender\":{\"female\":{\"%VALUE%\":300,\"%REDACTED%\":false},\"male\":{\"%VALUE%\":100,\"%REDACTED%\":false}},\"%VALUE%\":500,\"%REDACTED%\":false},\"65+\":{\"dimension:fb.author.gender\":{\"female\":{\"%VALUE%\":100,\"%REDACTED%\":false}},\"%VALUE%\":200,\"%REDACTED%\":false}},\"%VALUE%\":7200,\"%REDACTED%\":false},\"Day\":{\"dimension:fb.author.age\":{\"35-44\":{\"dimension:fb.author.gender\":{\"female\":{\"%VALUE%\":200,\"%REDACTED%\":false},\"male\":{\"%VALUE%\":100,\"%REDACTED%\":false}},\"%VALUE%\":300,\"%REDACTED%\":false},\"25-34\":{\"dimension:fb.author.gender\":{\"female\":{\"%VALUE%\":200,\"%REDACTED%\":false}},\"%VALUE%\":300,\"%REDACTED%\":false},\"45-54\":{\"dimension:fb.author.gender\":{\"female\":{\"%VALUE%\":200,\"%REDACTED%\":false}},\"%VALUE%\":300,\"%REDACTED%\":false},\"18-24\":{\"dimension:fb.author.gender\":{\"female\":{\"%VALUE%\":200,\"%REDACTED%\":false}},\"%VALUE%\":200,\"%REDACTED%\":false},\"55-64\":{\"dimension:fb.author.gender\":{\"female\":{\"%VALUE%\":100,\"%REDACTED%\":false}},\"%VALUE%\":100,\"%REDACTED%\":false}},\"%VALUE%\":1500,\"%REDACTED%\":false},\"Friendship\":{\"dimension:fb.author.age\":{\"25-34\":{\"dimension:fb.author.gender\":{\"male\":{\"%VALUE%\":100,\"%REDACTED%\":false}},\"%VALUE%\":100,\"%REDACTED%\":false},\"35-44\":{\"dimension:fb.author.gender\":[],\"%VALUE%\":100,\"%REDACTED%\":false},\"18-24\":{\"dimension:fb.author.gender\":[],\"%VALUE%\":100,\"%REDACTED%\":false}},\"%VALUE%\":500,\"%REDACTED%\":false},\"Love\":{\"dimension:fb.author.age\":{\"25-34\":{\"dimension:fb.author.gender\":[],\"%VALUE%\":100,\"%REDACTED%\":false}},\"%VALUE%\":300,\"%REDACTED%\":false},\"Facebook\":{\"dimension:fb.author.age\":[],\"%VALUE%\":200,\"%REDACTED%\":false},\"Photograph\":{\"dimension:fb.author.age\":[],\"%VALUE%\":200,\"%REDACTED%\":false},\"Gratitude\":{\"dimension:fb.author.age\":[],\"%VALUE%\":200,\"%REDACTED%\":false},\"Sister\":{\"dimension:fb.author.age\":[],\"%VALUE%\":100,\"%REDACTED%\":false},\"London, United Kingdom\":{\"dimension:fb.author.age\":[],\"%VALUE%\":100,\"%REDACTED%\":false},\"Life\":{\"dimension:fb.author.age\":[],\"%VALUE%\":100,\"%REDACTED%\":false},\"United Kingdom\":{\"dimension:fb.author.age\":[],\"%VALUE%\":100,\"%REDACTED%\":false},\"Instagram\":{\"dimension:fb.author.age\":[],\"%VALUE%\":100,\"%REDACTED%\":false},\"BBC News\":{\"dimension:fb.author.age\":[],\"%VALUE%\":100,\"%REDACTED%\":false},\"Happiness\":{\"dimension:fb.author.age\":[],\"%VALUE%\":100,\"%REDACTED%\":false},\"Morning\":{\"dimension:fb.author.age\":[],\"%VALUE%\":100,\"%REDACTED%\":false},\"Family\":{\"dimension:fb.author.age\":[],\"%VALUE%\":100,\"%REDACTED%\":false},\"iOS\":{\"dimension:fb.author.age\":[],\"%VALUE%\":100,\"%REDACTED%\":false}},\"%REDACTED%\":false,\"%VALUE%\":77700}}');
INSERT INTO `dataset`
(`id`, `brand_id`, `recording_id`, `name`, `dimensions`, `visibility`, `analysis_type`, `schedule`, `schedule_units`, `time_range`, `status`, `created_at`, `updated_at`, `last_refreshed`, `data`)
VALUES
  (8, 4, 8, 'UK Sample, age, gender and highest education','fb.author.gender,fb.author.age,fb.author.highest_education','public', 'freqDist', 1, 'day', 'day', 'running', 1435701600, 1435701600, 1435701600, '{\"measure:interactions\":{\"dimension:fb.author.highest_education\":{\"college\":{\"dimension:fb.author.age\":{\"25-34\":{\"dimension:fb.author.gender\":{\"female\":{\"%VALUE%\":10100,\"%REDACTED%\":false},\"male\":{\"%VALUE%\":5000,\"%REDACTED%\":false}},\"%VALUE%\":15200,\"%REDACTED%\":false},\"18-24\":{\"dimension:fb.author.gender\":{\"female\":{\"%VALUE%\":8200,\"%REDACTED%\":false},\"male\":{\"%VALUE%\":3800,\"%REDACTED%\":false}},\"%VALUE%\":12100,\"%REDACTED%\":false},\"35-44\":{\"dimension:fb.author.gender\":{\"female\":{\"%VALUE%\":7200,\"%REDACTED%\":false},\"male\":{\"%VALUE%\":3800,\"%REDACTED%\":false}},\"%VALUE%\":11100,\"%REDACTED%\":false},\"45-54\":{\"dimension:fb.author.gender\":{\"female\":{\"%VALUE%\":4900,\"%REDACTED%\":false},\"male\":{\"%VALUE%\":2800,\"%REDACTED%\":false}},\"%VALUE%\":7900,\"%REDACTED%\":false},\"55-64\":{\"dimension:fb.author.gender\":{\"female\":{\"%VALUE%\":2100,\"%REDACTED%\":false},\"male\":{\"%VALUE%\":1200,\"%REDACTED%\":false}},\"%VALUE%\":3400,\"%REDACTED%\":false},\"65+\":{\"dimension:fb.author.gender\":{\"female\":{\"%VALUE%\":900,\"%REDACTED%\":false},\"male\":{\"%VALUE%\":600,\"%REDACTED%\":false}},\"%VALUE%\":1500,\"%REDACTED%\":false}},\"%VALUE%\":51500,\"%REDACTED%\":false},\"high school\":{\"dimension:fb.author.age\":{\"45-54\":{\"dimension:fb.author.gender\":{\"female\":{\"%VALUE%\":2500,\"%REDACTED%\":false},\"male\":{\"%VALUE%\":1200,\"%REDACTED%\":false}},\"%VALUE%\":3800,\"%REDACTED%\":false},\"25-34\":{\"dimension:fb.author.gender\":{\"female\":{\"%VALUE%\":2400,\"%REDACTED%\":false},\"male\":{\"%VALUE%\":1300,\"%REDACTED%\":false}},\"%VALUE%\":3800,\"%REDACTED%\":false},\"35-44\":{\"dimension:fb.author.gender\":{\"female\":{\"%VALUE%\":2300,\"%REDACTED%\":false},\"male\":{\"%VALUE%\":1300,\"%REDACTED%\":false}},\"%VALUE%\":3600,\"%REDACTED%\":false},\"18-24\":{\"dimension:fb.author.gender\":{\"female\":{\"%VALUE%\":1800,\"%REDACTED%\":false},\"male\":{\"%VALUE%\":900,\"%REDACTED%\":false}},\"%VALUE%\":2700,\"%REDACTED%\":false},\"55-64\":{\"dimension:fb.author.gender\":{\"female\":{\"%VALUE%\":1500,\"%REDACTED%\":false},\"male\":{\"%VALUE%\":600,\"%REDACTED%\":false}},\"%VALUE%\":2200,\"%REDACTED%\":false},\"65+\":{\"dimension:fb.author.gender\":{\"female\":{\"%VALUE%\":700,\"%REDACTED%\":false},\"male\":{\"%VALUE%\":300,\"%REDACTED%\":false}},\"%VALUE%\":1100,\"%REDACTED%\":false}},\"%VALUE%\":17500,\"%REDACTED%\":false},\"unknown\":{\"dimension:fb.author.age\":{\"25-34\":{\"dimension:fb.author.gender\":{\"female\":{\"%VALUE%\":1600,\"%REDACTED%\":false},\"male\":{\"%VALUE%\":1100,\"%REDACTED%\":false}},\"%VALUE%\":2800,\"%REDACTED%\":false},\"35-44\":{\"dimension:fb.author.gender\":{\"female\":{\"%VALUE%\":1300,\"%REDACTED%\":false},\"male\":{\"%VALUE%\":1000,\"%REDACTED%\":false}},\"%VALUE%\":2500,\"%REDACTED%\":false},\"45-54\":{\"dimension:fb.author.gender\":{\"female\":{\"%VALUE%\":1200,\"%REDACTED%\":false},\"male\":{\"%VALUE%\":900,\"%REDACTED%\":false}},\"%VALUE%\":2200,\"%REDACTED%\":false},\"18-24\":{\"dimension:fb.author.gender\":{\"female\":{\"%VALUE%\":900,\"%REDACTED%\":false},\"male\":{\"%VALUE%\":500,\"%REDACTED%\":false}},\"%VALUE%\":1400,\"%REDACTED%\":false},\"55-64\":{\"dimension:fb.author.gender\":{\"female\":{\"%VALUE%\":900,\"%REDACTED%\":false},\"male\":{\"%VALUE%\":400,\"%REDACTED%\":false}},\"%VALUE%\":1400,\"%REDACTED%\":false},\"65+\":{\"dimension:fb.author.gender\":{\"female\":{\"%VALUE%\":600,\"%REDACTED%\":false},\"male\":{\"%VALUE%\":300,\"%REDACTED%\":false}},\"%VALUE%\":1000,\"%REDACTED%\":false}},\"%VALUE%\":11400,\"%REDACTED%\":false},\"grad school\":{\"dimension:fb.author.age\":{\"25-34\":{\"dimension:fb.author.gender\":{\"female\":{\"%VALUE%\":1200,\"%REDACTED%\":false},\"male\":{\"%VALUE%\":600,\"%REDACTED%\":false}},\"%VALUE%\":1800,\"%REDACTED%\":false},\"35-44\":{\"dimension:fb.author.gender\":{\"female\":{\"%VALUE%\":600,\"%REDACTED%\":false},\"male\":{\"%VALUE%\":300,\"%REDACTED%\":false}},\"%VALUE%\":900,\"%REDACTED%\":false},\"18-24\":{\"dimension:fb.author.gender\":{\"female\":{\"%VALUE%\":400,\"%REDACTED%\":false},\"male\":{\"%VALUE%\":100,\"%REDACTED%\":false}},\"%VALUE%\":600,\"%REDACTED%\":false},\"45-54\":{\"dimension:fb.author.gender\":{\"female\":{\"%VALUE%\":300,\"%REDACTED%\":false},\"male\":{\"%VALUE%\":100,\"%REDACTED%\":false}},\"%VALUE%\":400,\"%REDACTED%\":false},\"55-64\":{\"dimension:fb.author.gender\":[],\"%VALUE%\":100,\"%REDACTED%\":false}},\"%VALUE%\":4200,\"%REDACTED%\":false}},\"%REDACTED%\":false,\"%VALUE%\":84700},\"measure:unique_authors\":{\"dimension:fb.author.highest_education\":{\"college\":{\"dimension:fb.author.age\":{\"25-34\":{\"dimension:fb.author.gender\":{\"female\":{\"%VALUE%\":9700,\"%REDACTED%\":false},\"male\":{\"%VALUE%\":4500,\"%REDACTED%\":false}},\"%VALUE%\":14400,\"%REDACTED%\":false},\"18-24\":{\"dimension:fb.author.gender\":{\"female\":{\"%VALUE%\":8100,\"%REDACTED%\":false},\"male\":{\"%VALUE%\":3700,\"%REDACTED%\":false}},\"%VALUE%\":12000,\"%REDACTED%\":false},\"35-44\":{\"dimension:fb.author.gender\":{\"female\":{\"%VALUE%\":6600,\"%REDACTED%\":false},\"male\":{\"%VALUE%\":3600,\"%REDACTED%\":false}},\"%VALUE%\":10400,\"%REDACTED%\":false},\"45-54\":{\"dimension:fb.author.gender\":{\"female\":{\"%VALUE%\":4900,\"%REDACTED%\":false},\"male\":{\"%VALUE%\":2700,\"%REDACTED%\":false}},\"%VALUE%\":7600,\"%REDACTED%\":false},\"55-64\":{\"dimension:fb.author.gender\":{\"female\":{\"%VALUE%\":2100,\"%REDACTED%\":false},\"male\":{\"%VALUE%\":1200,\"%REDACTED%\":false}},\"%VALUE%\":3400,\"%REDACTED%\":false},\"65+\":{\"dimension:fb.author.gender\":{\"female\":{\"%VALUE%\":800,\"%REDACTED%\":false},\"male\":{\"%VALUE%\":600,\"%REDACTED%\":false}},\"%VALUE%\":1400,\"%REDACTED%\":false}},\"%VALUE%\":48600,\"%REDACTED%\":false},\"high school\":{\"dimension:fb.author.age\":{\"45-54\":{\"dimension:fb.author.gender\":{\"female\":{\"%VALUE%\":2500,\"%REDACTED%\":false},\"male\":{\"%VALUE%\":1200,\"%REDACTED%\":false}},\"%VALUE%\":3700,\"%REDACTED%\":false},\"25-34\":{\"dimension:fb.author.gender\":{\"female\":{\"%VALUE%\":2300,\"%REDACTED%\":false},\"male\":{\"%VALUE%\":1300,\"%REDACTED%\":false}},\"%VALUE%\":3800,\"%REDACTED%\":false},\"35-44\":{\"dimension:fb.author.gender\":{\"female\":{\"%VALUE%\":2300,\"%REDACTED%\":false},\"male\":{\"%VALUE%\":1200,\"%REDACTED%\":false}},\"%VALUE%\":3500,\"%REDACTED%\":false},\"18-24\":{\"dimension:fb.author.gender\":{\"female\":{\"%VALUE%\":1700,\"%REDACTED%\":false},\"male\":{\"%VALUE%\":900,\"%REDACTED%\":false}},\"%VALUE%\":2600,\"%REDACTED%\":false},\"55-64\":{\"dimension:fb.author.gender\":{\"female\":{\"%VALUE%\":1500,\"%REDACTED%\":false},\"male\":{\"%VALUE%\":500,\"%REDACTED%\":false}},\"%VALUE%\":2200,\"%REDACTED%\":false},\"65+\":{\"dimension:fb.author.gender\":{\"female\":{\"%VALUE%\":700,\"%REDACTED%\":false},\"male\":{\"%VALUE%\":200,\"%REDACTED%\":false}},\"%VALUE%\":1100,\"%REDACTED%\":false}},\"%VALUE%\":16200,\"%REDACTED%\":false},\"unknown\":{\"dimension:fb.author.age\":{\"25-34\":{\"dimension:fb.author.gender\":{\"female\":{\"%VALUE%\":1500,\"%REDACTED%\":false},\"male\":{\"%VALUE%\":1100,\"%REDACTED%\":false}},\"%VALUE%\":2800,\"%REDACTED%\":false},\"35-44\":{\"dimension:fb.author.gender\":{\"female\":{\"%VALUE%\":1300,\"%REDACTED%\":false},\"male\":{\"%VALUE%\":1000,\"%REDACTED%\":false}},\"%VALUE%\":2300,\"%REDACTED%\":false},\"45-54\":{\"dimension:fb.author.gender\":{\"female\":{\"%VALUE%\":1100,\"%REDACTED%\":false},\"male\":{\"%VALUE%\":800,\"%REDACTED%\":false}},\"%VALUE%\":2100,\"%REDACTED%\":false},\"18-24\":{\"dimension:fb.author.gender\":{\"female\":{\"%VALUE%\":800,\"%REDACTED%\":false},\"male\":{\"%VALUE%\":500,\"%REDACTED%\":false}},\"%VALUE%\":1300,\"%REDACTED%\":false},\"55-64\":{\"dimension:fb.author.gender\":{\"female\":{\"%VALUE%\":900,\"%REDACTED%\":false},\"male\":{\"%VALUE%\":400,\"%REDACTED%\":false}},\"%VALUE%\":1300,\"%REDACTED%\":false},\"65+\":{\"dimension:fb.author.gender\":{\"female\":{\"%VALUE%\":600,\"%REDACTED%\":false},\"male\":{\"%VALUE%\":300,\"%REDACTED%\":false}},\"%VALUE%\":900,\"%REDACTED%\":false}},\"%VALUE%\":10900,\"%REDACTED%\":false},\"grad school\":{\"dimension:fb.author.age\":{\"25-34\":{\"dimension:fb.author.gender\":{\"female\":{\"%VALUE%\":1100,\"%REDACTED%\":false},\"male\":{\"%VALUE%\":500,\"%REDACTED%\":false}},\"%VALUE%\":1700,\"%REDACTED%\":false},\"35-44\":{\"dimension:fb.author.gender\":{\"female\":{\"%VALUE%\":600,\"%REDACTED%\":false},\"male\":{\"%VALUE%\":300,\"%REDACTED%\":false}},\"%VALUE%\":900,\"%REDACTED%\":false},\"18-24\":{\"dimension:fb.author.gender\":{\"female\":{\"%VALUE%\":400,\"%REDACTED%\":false},\"male\":{\"%VALUE%\":100,\"%REDACTED%\":false}},\"%VALUE%\":600,\"%REDACTED%\":false},\"45-54\":{\"dimension:fb.author.gender\":{\"female\":{\"%VALUE%\":200,\"%REDACTED%\":false},\"male\":{\"%VALUE%\":100,\"%REDACTED%\":false}},\"%VALUE%\":400,\"%REDACTED%\":false},\"55-64\":{\"dimension:fb.author.gender\":[],\"%VALUE%\":100,\"%REDACTED%\":false}},\"%VALUE%\":3900,\"%REDACTED%\":false}},\"%REDACTED%\":false,\"%VALUE%\":77700}}');
